account_id,customer_id,account_type,open_date,balance,status
1,242,Savings,5/17/2024,7806.7,Closed
2,203,Checking,6/25/2024,15522.79,Active
3,543,Credit Card,10/24/2020,22734.81,Active
4,801,Checking,5/8/2016,24405.39,Active
5,462,Credit Card,9/8/2019,18126.2,Active
6,80,Savings,11/2/2024,23550.4,Active
7,523,Credit Card,12/4/2020,14413.07,Active
8,417,Checking,10/7/2015,13970.93,Active
9,766,Savings,11/21/2023,10410.85,Active
10,384,Savings,1/15/2017,19245.37,Suspended
11,391,Savings,3/16/2023,25003.4,Active
12,896,Savings,9/12/2022,22084.44,Active
13,799,Credit Card,5/31/2021,2819.64,Active
14,688,Loan,5/24/2023,3355.26,Active
15,126,Checking,1/14/2019,26036.4,Active
16,494,Checking,2/1/2020,16765.73,Active
17,47,Credit Card,3/22/2019,17156.48,Active
18,718,Checking,6/20/2023,16931.15,Active
19,476,Loan,1/1/2018,32516.4,Closed
20,949,Savings,11/29/2022,10537.15,Active
21,619,Savings,11/25/2017,26166.34,Active
22,464,Checking,10/18/2024,17336.07,Active
23,787,Checking,4/6/2020,-1005.13,Active
24,849,Savings,1/18/2024,6751.48,Active
25,123,Loan,6/28/2020,8929.69,Active
26,474,Loan,5/11/2016,25931.08,Active
27,134,Checking,3/3/2021,27272.98,Active
28,619,Checking,10/9/2021,18538.54,Active
29,817,Checking,2/13/2015,9772.27,Active
30,841,Credit Card,8/29/2023,5890.19,Active
31,562,Checking,1/26/2020,26375.81,Closed
32,849,Checking,9/11/2024,2154.48,Suspended
33,607,Checking,4/6/2022,13961.1,Closed
34,780,Checking,9/8/2024,38644.71,Active
35,23,Loan,3/29/2016,9802.13,Active
36,566,Savings,8/17/2016,2283.02,Active
37,886,Checking,9/18/2018,-2654.58,Active
38,766,Checking,5/21/2016,39040.04,Active
39,965,Checking,3/4/2017,18486.27,Active
40,235,Checking,9/11/2024,6309.24,Active
41,996,Checking,1/21/2015,13108.63,Active
42,59,Savings,1/13/2024,8370.44,Active
43,164,Checking,10/31/2018,-3635.56,Active
44,771,Checking,10/7/2023,22881.17,Active
45,826,Checking,4/21/2022,15338.13,Closed
46,216,Credit Card,9/27/2021,22049.84,Active
47,183,Savings,12/30/2017,15065.5,Active
48,569,Savings,11/28/2018,16312.45,Active
49,657,Savings,5/5/2019,-7348.22,Active
50,935,Savings,12/20/2019,24078.48,Active
51,90,Checking,11/21/2018,4116.9,Active
52,964,Loan,12/3/2015,6679.16,Active
53,311,Checking,7/26/2019,9721.28,Active
54,557,Savings,10/16/2024,-5586.84,Active
55,972,Credit Card,6/28/2017,9174.43,Active
56,257,Savings,10/3/2015,8478.16,Active
57,533,Loan,6/10/2017,11221.67,Active
58,979,Savings,1/13/2015,-2011.8,Active
59,533,Credit Card,10/23/2017,24277.09,Active
60,52,Credit Card,4/14/2023,18980.57,Closed
61,338,Loan,1/9/2024,6359.6,Active
62,171,Loan,8/31/2017,9184.54,Active
63,948,Credit Card,6/24/2015,23381.48,Active
64,67,Credit Card,11/9/2018,12425.25,Active
65,625,Checking,6/14/2019,2594.64,Active
66,300,Checking,4/27/2020,14164.08,Active
67,672,Savings,4/7/2021,4121.57,Closed
68,778,Loan,6/30/2016,7921.27,Active
69,832,Credit Card,8/23/2020,14493.76,Active
70,232,Loan,5/3/2018,25552.11,Closed
71,975,Credit Card,11/21/2018,35233.25,Active
72,837,Checking,12/25/2018,28626.16,Active
73,68,Checking,3/31/2024,14281.44,Active
74,506,Checking,4/28/2024,37573.5,Active
75,28,Checking,8/4/2022,20582.69,Active
76,949,Savings,12/4/2018,5203.11,Active
77,628,Loan,1/3/2015,15945.5,Closed
78,51,Credit Card,7/1/2022,8430.83,Active
79,693,Savings,12/2/2024,2520.94,Active
80,260,Checking,8/24/2024,3257.76,Active
81,591,Checking,1/17/2020,13527.66,Active
82,785,Savings,1/16/2017,22542.06,Active
83,620,Checking,9/17/2022,25682.03,Active
84,963,Checking,5/21/2017,2552.82,Active
85,586,Savings,5/9/2016,11967.41,Active
86,687,Checking,9/30/2021,19865.91,Active
87,184,Loan,11/15/2018,16518.59,Suspended
88,23,Checking,6/6/2024,21945.46,Active
89,786,Checking,9/19/2016,10653.06,Active
90,129,Checking,12/11/2017,27729.15,Closed
91,291,Checking,6/9/2024,14957.58,Active
92,832,Savings,6/28/2024,22577.24,Closed
93,501,Credit Card,5/27/2023,11192.26,Active
94,186,Savings,5/22/2015,15583.91,Active
95,479,Savings,8/24/2023,-960.26,Closed
96,571,Checking,1/27/2019,6632.45,Active
97,492,Savings,2/15/2015,12925.36,Closed
98,513,Checking,12/1/2022,16000.62,Closed
99,643,Checking,5/15/2023,41812.02,Suspended
100,67,Credit Card,1/23/2024,11181,Active
101,805,Credit Card,8/19/2020,1233.6,Active
102,467,Credit Card,10/25/2016,32024.85,Active
103,285,Checking,7/26/2016,25788.38,Suspended
104,601,Checking,7/22/2020,3434.88,Active
105,417,Loan,4/3/2019,19652.62,Active
106,100,Checking,6/10/2019,23352.06,Active
107,189,Checking,5/20/2022,16638.25,Active
108,989,Checking,7/1/2017,18258.22,Active
109,890,Checking,10/1/2016,8677.44,Active
110,858,Checking,4/17/2022,20037.89,Closed
111,388,Savings,7/8/2022,10086.46,Active
112,241,Savings,6/27/2017,-11453.94,Closed
113,782,Loan,2/3/2021,16962.66,Active
114,731,Checking,5/18/2017,-1759.49,Active
115,417,Checking,10/26/2017,25134.94,Active
116,918,Savings,5/2/2017,3691.8,Active
117,176,Savings,11/3/2015,-9530.04,Active
118,387,Savings,2/8/2022,-2692.91,Active
119,471,Credit Card,7/2/2021,14585.23,Active
120,853,Checking,5/20/2024,16865.08,Active
121,233,Credit Card,12/22/2019,873.63,Active
122,663,Savings,1/30/2016,4276.12,Active
123,452,Checking,6/5/2021,14919.31,Active
124,277,Credit Card,11/6/2024,24722.28,Active
125,229,Savings,1/18/2017,2899.18,Active
126,171,Checking,5/21/2021,18791.75,Suspended
127,735,Checking,11/26/2015,-2386.91,Active
128,213,Checking,9/28/2020,18158.89,Active
129,282,Savings,7/24/2020,22557.92,Active
130,41,Checking,2/11/2017,20242.07,Active
131,122,Checking,7/4/2019,24943.98,Active
132,227,Checking,9/29/2019,24277.42,Active
133,294,Credit Card,1/13/2016,33469.32,Active
134,600,Credit Card,11/23/2019,16086.18,Active
135,267,Credit Card,6/12/2019,33498.91,Active
136,541,Checking,9/26/2017,5559.01,Active
137,759,Loan,1/23/2020,12946.58,Active
138,828,Savings,4/11/2019,13849.97,Closed
139,451,Credit Card,2/12/2017,4572.16,Active
140,449,Savings,10/21/2023,-8606.59,Closed
141,756,Savings,12/19/2017,23692.98,Active
142,61,Credit Card,12/25/2022,5700.66,Active
143,502,Checking,12/9/2019,10991.71,Active
144,147,Savings,1/3/2018,30845.85,Active
145,686,Credit Card,8/12/2020,20720.85,Active
146,945,Credit Card,5/18/2019,32402.11,Active
147,790,Loan,1/17/2017,16205.31,Active
148,334,Savings,1/11/2019,20554.93,Active
149,881,Checking,10/31/2019,12593.28,Active
150,953,Checking,5/11/2021,6513.04,Active
151,891,Savings,4/3/2019,20517.93,Active
152,142,Savings,6/4/2019,10640.99,Active
153,44,Checking,3/12/2021,21445.22,Active
154,144,Checking,2/17/2019,9295.31,Active
155,865,Savings,11/25/2015,13246.17,Closed
156,333,Credit Card,4/21/2021,14047.17,Closed
157,998,Loan,11/11/2018,25769.65,Active
158,497,Credit Card,5/6/2015,10756.51,Active
159,396,Credit Card,2/5/2017,26869.9,Active
160,55,Savings,4/23/2019,5951.48,Active
161,307,Loan,4/18/2024,17698.58,Active
162,870,Savings,5/12/2018,8123.99,Active
163,423,Credit Card,4/10/2018,26157.46,Active
164,417,Loan,10/25/2019,6813.37,Active
165,673,Loan,8/5/2015,7832.67,Active
166,797,Checking,1/30/2024,2436.98,Active
167,325,Checking,9/21/2018,16030.41,Active
168,710,Checking,8/14/2018,20910.49,Active
169,671,Checking,4/11/2017,19831.29,Active
170,80,Checking,7/1/2015,13557.62,Active
171,31,Checking,11/30/2015,8394.59,Closed
172,985,Checking,5/25/2016,12213.2,Active
173,112,Savings,1/18/2016,12594.7,Active
174,558,Credit Card,3/11/2020,17526.1,Active
175,865,Checking,12/15/2023,16838.53,Active
176,717,Savings,11/28/2015,32397.19,Active
177,564,Credit Card,4/3/2018,15396.36,Active
178,650,Savings,6/19/2018,18608.01,Active
179,472,Loan,6/18/2017,15714.56,Active
180,74,Checking,10/3/2016,11732.66,Closed
181,553,Checking,6/4/2018,18540.75,Active
182,479,Savings,9/25/2016,10793.39,Active
183,589,Checking,12/6/2024,14417.83,Active
184,387,Savings,11/3/2021,26592.69,Active
185,699,Checking,7/15/2015,10146.41,Active
186,882,Checking,3/8/2020,18873.44,Active
187,564,Checking,12/20/2023,-9813.49,Suspended
188,930,Checking,4/2/2016,13146.56,Active
189,433,Savings,4/9/2017,10078.81,Closed
190,412,Savings,4/23/2021,16202.6,Active
191,467,Checking,11/9/2024,12637.63,Closed
192,599,Checking,2/26/2024,16415.18,Active
193,621,Checking,8/18/2020,11213.34,Active
194,992,Checking,9/9/2022,18863.35,Active
195,909,Credit Card,3/16/2023,-2146.42,Active
196,737,Checking,5/9/2018,16114.12,Active
197,994,Credit Card,7/28/2023,5629.21,Active
198,993,Credit Card,6/5/2017,26678.67,Active
199,248,Checking,1/28/2016,5467.86,Active
200,581,Savings,8/3/2019,24952.21,Active
201,120,Loan,9/26/2023,14884.67,Active
202,67,Credit Card,12/3/2024,-3287.63,Active
203,573,Savings,9/12/2021,6237.33,Active
204,956,Credit Card,7/6/2021,23478.01,Active
205,327,Credit Card,2/21/2024,22910.09,Active
206,920,Checking,10/31/2024,2006.49,Active
207,703,Credit Card,12/2/2021,30628.56,Active
208,470,Savings,12/21/2020,14754.36,Active
209,493,Savings,7/4/2017,23848.46,Closed
210,701,Loan,7/23/2017,2881.59,Active
211,663,Credit Card,12/21/2015,10440.51,Active
212,286,Checking,3/16/2022,19159.04,Active
213,956,Checking,3/2/2019,11868.37,Suspended
214,914,Savings,4/26/2022,-14207.91,Active
215,608,Credit Card,9/14/2023,13092.18,Active
216,312,Savings,5/26/2021,-4646.98,Active
217,309,Loan,11/12/2022,4293.07,Active
218,775,Credit Card,9/20/2016,971.32,Active
219,97,Savings,5/25/2023,26325.55,Active
220,965,Checking,5/3/2022,29463.55,Active
221,113,Savings,3/16/2018,18415.64,Closed
222,988,Savings,11/23/2015,12699.31,Active
223,637,Savings,12/9/2018,15283.39,Active
224,456,Savings,3/7/2021,26318.55,Active
225,463,Savings,3/21/2024,-4834.28,Active
226,948,Checking,11/22/2018,4248.98,Closed
227,132,Checking,1/31/2018,25040.42,Closed
228,930,Savings,5/7/2022,27122.71,Closed
229,965,Checking,11/16/2019,20897.21,Closed
230,929,Checking,3/12/2019,4550.28,Active
231,121,Checking,3/29/2020,24895.49,Active
232,197,Savings,12/25/2022,28614.33,Active
233,806,Checking,5/17/2018,22182.5,Active
234,482,Credit Card,5/10/2020,-9940.1,Closed
235,634,Savings,10/11/2021,16245.95,Active
236,794,Savings,1/28/2016,20852.4,Active
237,897,Credit Card,4/5/2017,9843.83,Closed
238,772,Checking,2/11/2023,16866.77,Active
239,39,Savings,9/16/2023,9865.41,Closed
240,566,Loan,3/27/2020,6384.07,Active
241,512,Credit Card,7/23/2021,30105.91,Active
242,474,Loan,2/19/2015,17150.69,Active
243,161,Credit Card,2/11/2023,3940.2,Active
244,289,Checking,9/12/2023,1234,Active
245,200,Checking,7/23/2024,6390.18,Active
246,788,Savings,10/28/2018,6444.27,Closed
247,528,Checking,11/16/2017,16465.3,Active
248,917,Checking,4/4/2023,19855.57,Active
249,685,Credit Card,3/10/2017,19844.87,Active
250,503,Checking,11/28/2019,7498.88,Closed
251,248,Checking,2/27/2024,24206.31,Active
252,383,Credit Card,5/23/2023,27278.44,Active
253,218,Credit Card,5/20/2022,12400.37,Active
254,87,Checking,9/25/2018,4679.29,Active
255,82,Credit Card,6/6/2021,16002.83,Closed
256,62,Credit Card,9/21/2024,36600.76,Active
257,799,Savings,11/24/2024,4417.02,Active
258,500,Checking,12/7/2024,9738.37,Closed
259,42,Checking,2/19/2024,15574.34,Active
260,12,Savings,4/15/2019,20416.64,Active
261,833,Checking,1/22/2021,-4855.8,Active
262,746,Loan,6/21/2021,28058.88,Active
263,841,Credit Card,1/1/2015,27922.92,Active
264,643,Credit Card,10/16/2017,10752.06,Suspended
265,115,Loan,7/8/2018,42066.18,Active
266,218,Credit Card,3/4/2015,27277.05,Active
267,649,Checking,12/5/2021,26744.5,Active
268,106,Checking,4/15/2024,26875.53,Active
269,691,Credit Card,2/13/2020,26587.16,Active
270,528,Checking,12/17/2023,14780.91,Active
271,472,Savings,3/19/2021,13790.4,Active
272,754,Savings,6/1/2015,5564.3,Active
273,846,Loan,10/5/2016,9226.28,Active
274,893,Savings,9/17/2016,11891.02,Active
275,387,Credit Card,9/3/2024,15654.6,Active
276,226,Checking,8/5/2015,30982.96,Active
277,481,Savings,7/15/2015,-6024.95,Active
278,754,Checking,12/18/2023,28449.34,Active
279,408,Credit Card,5/1/2023,4881.24,Active
280,457,Checking,10/11/2017,13954.8,Active
281,653,Credit Card,5/18/2022,7756.02,Active
282,898,Checking,1/19/2024,33542.77,Active
283,711,Checking,10/18/2023,10000.42,Active
284,624,Savings,7/18/2022,20214.48,Active
285,639,Savings,3/2/2019,20732.67,Active
286,21,Checking,4/28/2019,3399.93,Active
287,659,Checking,12/16/2017,14032.3,Closed
288,601,Credit Card,3/8/2019,27043.26,Active
289,815,Savings,10/19/2023,6267.65,Active
290,918,Checking,12/22/2016,23289.66,Active
291,203,Credit Card,5/27/2019,11689.2,Active
292,417,Checking,10/26/2019,26636.54,Closed
293,416,Savings,4/12/2019,32474.97,Active
294,448,Checking,10/1/2016,-5078.4,Active
295,512,Savings,11/23/2020,1618.65,Active
296,85,Checking,6/14/2015,10614.9,Active
297,167,Loan,8/3/2015,29654.24,Active
298,384,Checking,12/30/2017,20324.66,Active
299,468,Checking,3/31/2015,2552.48,Active
300,72,Checking,12/1/2019,21789.2,Active
301,810,Credit Card,12/31/2022,5862.65,Active
302,997,Savings,6/5/2018,23705.32,Active
303,521,Credit Card,1/7/2018,20389.65,Active
304,793,Loan,8/30/2016,5818.88,Active
305,473,Loan,12/15/2015,14340.46,Active
306,993,Credit Card,1/20/2023,27246.84,Suspended
307,258,Checking,9/3/2015,-3920.37,Closed
308,275,Credit Card,9/29/2015,18011.09,Active
309,750,Checking,7/23/2020,3931.01,Active
310,20,Credit Card,2/7/2016,14838.12,Suspended
311,490,Savings,9/23/2023,19577.62,Active
312,745,Credit Card,8/7/2024,35131.69,Active
313,490,Savings,11/10/2024,14737.02,Active
314,733,Savings,1/5/2019,29655.26,Active
315,326,Loan,4/10/2018,6595.02,Active
316,529,Checking,6/15/2023,10049.8,Active
317,892,Checking,3/28/2023,20870.59,Active
318,89,Savings,1/24/2023,17017.61,Active
319,486,Loan,12/15/2017,11715.81,Active
320,708,Checking,6/3/2019,11444.86,Active
321,350,Checking,1/31/2018,28332.95,Active
322,84,Checking,10/11/2015,12115.58,Active
323,387,Checking,5/31/2016,4791.51,Closed
324,87,Loan,4/19/2022,6451.24,Closed
325,307,Credit Card,7/25/2018,21699.01,Closed
326,850,Savings,9/3/2016,37565.22,Active
327,154,Savings,1/19/2017,9760.17,Active
328,440,Credit Card,7/16/2018,36486.26,Active
329,740,Checking,1/31/2020,14891.59,Active
330,960,Checking,2/4/2016,12201.88,Active
331,264,Savings,3/7/2019,5897.23,Active
332,977,Checking,7/17/2020,13019.86,Active
333,735,Savings,11/3/2020,7438.59,Active
334,421,Checking,11/16/2015,6636.19,Active
335,493,Checking,11/21/2017,-1520.5,Active
336,633,Checking,12/2/2015,32661.17,Active
337,993,Credit Card,9/29/2020,25643.86,Active
338,411,Checking,8/17/2023,17716,Suspended
339,173,Loan,6/23/2015,13559.84,Active
340,4,Checking,6/30/2019,14944.2,Active
341,854,Credit Card,5/15/2016,7230.91,Active
342,640,Credit Card,12/25/2024,3661.49,Closed
343,986,Loan,10/24/2020,22174.14,Active
344,992,Credit Card,6/21/2021,12377.77,Active
345,472,Checking,1/31/2020,18257.36,Closed
346,110,Checking,6/6/2024,-1624.39,Active
347,867,Savings,8/19/2023,11845.71,Active
348,37,Checking,3/11/2020,3466.4,Active
349,992,Checking,7/22/2019,19840.56,Active
350,583,Credit Card,9/15/2019,24952.78,Active
351,801,Savings,11/14/2019,29596.99,Active
352,31,Savings,11/27/2016,8710.2,Active
353,951,Loan,5/16/2023,3721.01,Active
354,381,Savings,1/1/2017,10814.06,Active
355,268,Savings,12/30/2017,8006.87,Active
356,11,Credit Card,4/5/2023,19312.33,Active
357,344,Checking,12/11/2022,972.18,Active
358,840,Checking,6/6/2022,-2543.95,Active
359,544,Loan,10/13/2016,11535.52,Active
360,569,Loan,12/30/2017,22265.06,Active
361,166,Credit Card,2/15/2015,4725.43,Active
362,700,Savings,12/6/2017,23491.13,Active
363,342,Credit Card,12/16/2018,18653.38,Suspended
364,482,Checking,1/5/2021,30467.96,Active
365,19,Checking,2/5/2023,6977.45,Active
366,628,Savings,10/7/2023,-1064.72,Active
367,980,Savings,3/31/2016,20985.42,Active
368,184,Checking,7/21/2019,17798.75,Active
369,782,Checking,1/3/2023,17024.98,Active
370,545,Checking,8/23/2017,4521.72,Active
371,10,Savings,7/13/2020,22751.51,Active
372,592,Credit Card,5/18/2017,8665.74,Active
373,192,Savings,3/9/2019,17020.6,Active
374,320,Checking,2/24/2023,10404.32,Active
375,702,Savings,5/30/2023,18543.82,Active
376,580,Savings,9/27/2017,3048.7,Active
377,475,Savings,2/12/2017,19996.78,Active
378,860,Checking,4/10/2021,21575.89,Active
379,637,Savings,11/26/2021,16159.78,Closed
380,427,Loan,8/26/2021,31438.97,Active
381,848,Checking,1/31/2018,17071.6,Active
382,59,Checking,12/11/2021,24187.54,Active
383,436,Savings,11/26/2017,15924.17,Active
384,97,Savings,8/5/2019,23293.99,Active
385,496,Checking,11/29/2024,-333.04,Active
386,787,Checking,3/24/2019,15329.45,Active
387,661,Checking,4/27/2024,3730.65,Suspended
388,278,Loan,2/1/2016,16404.27,Active
389,265,Credit Card,6/1/2021,18841.93,Suspended
390,9,Savings,4/17/2015,23074.98,Active
391,457,Credit Card,12/17/2022,19899.1,Active
392,795,Checking,8/11/2017,11631.47,Active
393,273,Credit Card,1/21/2022,7464.05,Active
394,940,Savings,1/23/2020,-8425.23,Active
395,813,Checking,8/21/2023,15688.53,Active
396,8,Credit Card,7/22/2017,26378.62,Closed
397,208,Credit Card,10/15/2015,16083.93,Suspended
398,914,Credit Card,12/6/2016,14152.48,Active
399,637,Checking,8/5/2020,16430.57,Active
400,123,Loan,1/24/2019,11122.91,Active
401,33,Loan,8/3/2015,16949.68,Active
402,513,Checking,7/28/2018,10950.36,Active
403,204,Checking,8/11/2022,6011.19,Closed
404,518,Checking,5/31/2020,14247.01,Active
405,809,Loan,1/22/2019,14028.97,Active
406,951,Savings,12/30/2019,33751.7,Active
407,517,Checking,12/10/2015,6943.1,Active
408,443,Checking,7/13/2015,13405.58,Active
409,592,Checking,6/7/2015,12433.35,Active
410,786,Savings,4/9/2016,10523.17,Suspended
411,689,Savings,11/21/2020,20131.05,Active
412,850,Loan,9/12/2020,37379.63,Active
413,833,Savings,9/9/2023,11791.73,Active
414,339,Credit Card,5/10/2022,20158.94,Closed
415,438,Checking,10/16/2019,-4123.72,Suspended
416,445,Checking,6/30/2021,11064.7,Active
417,136,Savings,7/1/2022,30552.41,Active
418,387,Checking,8/14/2016,14450.2,Suspended
419,25,Checking,12/28/2020,20023.4,Active
420,506,Loan,11/26/2021,8772.49,Active
421,325,Savings,11/20/2017,17575.57,Active
422,695,Checking,6/2/2017,31327.76,Active
423,680,Checking,3/4/2015,3399.17,Closed
424,979,Checking,12/10/2024,36865.43,Active
425,338,Loan,1/15/2018,-459.44,Active
426,690,Checking,10/31/2015,10144.98,Active
427,885,Checking,12/20/2017,6640.83,Active
428,95,Savings,1/31/2016,12275.39,Active
429,545,Checking,11/30/2015,6510.97,Active
430,623,Checking,10/4/2022,5752.8,Active
431,146,Checking,2/15/2016,3132.53,Active
432,893,Checking,5/20/2021,21440.54,Closed
433,953,Checking,4/10/2016,12620.42,Closed
434,231,Checking,3/21/2015,10004.9,Suspended
435,784,Credit Card,10/2/2022,17822.57,Active
436,848,Checking,1/5/2018,53.64,Active
437,495,Credit Card,5/31/2020,18063.73,Closed
438,38,Credit Card,1/2/2017,14062.31,Active
439,425,Savings,12/23/2019,14369.62,Active
440,647,Checking,4/13/2019,20191.67,Active
441,846,Checking,10/16/2018,31435.24,Closed
442,747,Credit Card,10/25/2020,18229.75,Active
443,437,Savings,12/31/2021,13001.25,Active
444,831,Savings,4/2/2018,3173.56,Active
445,368,Checking,6/8/2023,-8908.18,Active
446,345,Loan,4/13/2018,16278.84,Suspended
447,160,Checking,11/14/2021,2403.67,Active
448,550,Checking,4/1/2024,-10402.63,Active
449,662,Savings,5/31/2019,11491.3,Closed
450,912,Checking,4/11/2021,17394.82,Active
451,820,Savings,5/2/2015,22443.04,Active
452,541,Credit Card,7/4/2015,25612.51,Active
453,144,Credit Card,2/1/2015,23757.12,Active
454,588,Credit Card,9/24/2017,24025.75,Closed
455,657,Savings,6/9/2020,319.3,Active
456,741,Savings,9/10/2022,13504.04,Suspended
457,576,Checking,7/22/2016,20798.36,Active
458,859,Savings,6/15/2021,15463.75,Active
459,345,Checking,10/27/2018,13448.51,Active
460,269,Checking,8/7/2019,15280.9,Active
461,840,Checking,4/9/2017,17455.34,Active
462,696,Savings,6/8/2019,14231.06,Active
463,773,Savings,4/28/2023,6537.21,Active
464,268,Loan,12/15/2017,-2028.24,Active
465,169,Checking,3/1/2017,12959.73,Active
466,771,Loan,2/27/2024,15574.83,Active
467,739,Credit Card,11/16/2021,15465.8,Active
468,33,Savings,6/18/2022,24529.21,Active
469,377,Savings,8/28/2024,26306.06,Closed
470,214,Checking,4/15/2023,13959.77,Active
471,562,Credit Card,6/10/2022,14031.35,Active
472,440,Savings,2/3/2024,20731.29,Active
473,492,Loan,7/8/2022,19265.48,Active
474,393,Savings,9/20/2017,10574.42,Closed
475,489,Credit Card,3/19/2015,21590.14,Active
476,722,Credit Card,1/25/2022,13536.26,Closed
477,946,Checking,4/18/2015,13748.89,Active
478,29,Checking,7/20/2018,19336.14,Closed
479,39,Savings,9/12/2022,11988.33,Active
480,859,Savings,8/24/2020,15946.73,Active
481,612,Checking,1/5/2016,17975.44,Active
482,173,Credit Card,3/29/2024,23171.79,Active
483,17,Savings,3/2/2021,22481.41,Active
484,56,Loan,6/27/2020,17670.44,Active
485,226,Credit Card,9/20/2023,-11087.69,Active
486,558,Savings,8/31/2019,17433.51,Active
487,67,Loan,12/22/2022,18978.86,Active
488,197,Savings,2/7/2024,21009.29,Closed
489,654,Credit Card,3/16/2016,5439.75,Active
490,835,Checking,12/2/2023,-6220.76,Active
491,23,Checking,12/16/2022,23061.7,Closed
492,999,Savings,8/15/2015,2754.73,Active
493,606,Savings,1/19/2022,27221.7,Active
494,754,Savings,7/29/2021,9213.48,Active
495,237,Savings,9/14/2016,4728.27,Closed
496,957,Checking,10/21/2017,18496.22,Active
497,919,Loan,4/26/2019,21161.76,Active
498,923,Savings,12/10/2024,20565.78,Active
499,566,Savings,2/22/2023,20016.1,Active
500,138,Savings,7/23/2024,7922.1,Active
501,473,Credit Card,7/2/2019,-269.1,Active
502,845,Loan,3/30/2018,11103.36,Active
503,784,Savings,6/10/2015,3542.92,Closed
504,553,Checking,5/20/2017,19325.49,Active
505,610,Savings,10/5/2023,23742.48,Active
506,695,Savings,10/12/2019,16726.97,Active
507,640,Credit Card,3/20/2018,14990.55,Active
508,229,Checking,3/19/2016,11895.67,Active
509,317,Loan,11/26/2019,24803.49,Active
510,598,Savings,2/3/2019,-3304.69,Active
511,768,Loan,4/7/2016,2938.49,Active
512,721,Checking,6/29/2023,33267.33,Closed
513,727,Credit Card,4/17/2016,2450.41,Active
514,886,Loan,2/17/2022,20310.37,Active
515,612,Loan,3/21/2015,22367.9,Active
516,561,Checking,11/28/2017,-4262.51,Active
517,201,Checking,8/28/2015,-2342.98,Active
518,948,Savings,7/10/2016,27647.14,Closed
519,258,Checking,8/12/2016,5270.56,Active
520,480,Checking,9/22/2018,5543.68,Active
521,888,Checking,2/28/2020,9791.24,Active
522,178,Savings,5/29/2020,5295.18,Active
523,757,Savings,7/27/2018,20262.68,Active
524,123,Checking,2/13/2018,3179.62,Active
525,342,Checking,5/5/2021,-4657.61,Active
526,171,Savings,4/23/2020,26563.57,Active
527,845,Savings,12/1/2015,3670.89,Active
528,648,Checking,11/8/2015,7479.81,Active
529,59,Checking,12/12/2017,23298.58,Active
530,705,Loan,8/6/2023,15702.44,Active
531,465,Loan,7/4/2022,26123.41,Active
532,780,Loan,2/3/2015,23451.42,Active
533,260,Credit Card,1/16/2020,10465.69,Suspended
534,373,Checking,1/21/2016,25219.2,Active
535,973,Savings,9/6/2015,16677.73,Active
536,95,Savings,2/8/2018,9016.12,Active
537,125,Savings,9/1/2023,17904.02,Active
538,41,Checking,12/4/2018,1905.37,Active
539,891,Savings,4/17/2018,23338.48,Active
540,254,Savings,7/16/2023,22041.19,Suspended
541,7,Checking,3/4/2017,16203.58,Closed
542,471,Credit Card,5/1/2017,-4182.73,Closed
543,728,Checking,12/31/2022,26544.05,Active
544,511,Checking,1/11/2016,19370.93,Closed
545,581,Checking,12/24/2016,14770.42,Active
546,69,Checking,5/30/2019,13193.34,Active
547,81,Checking,3/28/2020,9632.81,Active
548,542,Loan,7/21/2015,11555.29,Active
549,585,Savings,10/28/2021,22692.17,Active
550,262,Savings,4/26/2020,9832.74,Active
551,89,Checking,6/2/2021,12256.98,Active
552,915,Savings,8/24/2018,13724.07,Closed
553,208,Credit Card,5/7/2016,13998.03,Active
554,213,Savings,12/4/2015,8821.88,Active
555,834,Credit Card,5/22/2020,13298.01,Active
556,266,Loan,2/18/2023,18433.14,Closed
557,912,Credit Card,2/9/2020,5951.95,Active
558,293,Savings,8/4/2023,13344.29,Active
559,207,Checking,3/2/2017,34309.84,Closed
560,333,Savings,7/25/2024,14368.56,Active
561,77,Savings,11/20/2024,5695.77,Active
562,288,Credit Card,2/25/2019,4525.88,Active
563,47,Credit Card,7/15/2020,2348.05,Active
564,622,Credit Card,3/29/2023,31271.17,Closed
565,200,Credit Card,6/22/2021,25080.22,Active
566,427,Checking,7/30/2017,2103.75,Closed
567,210,Checking,4/27/2022,17137.06,Closed
568,888,Checking,10/23/2020,27248.36,Active
569,420,Loan,3/6/2023,14595.32,Active
570,154,Credit Card,2/28/2015,10083.86,Suspended
571,522,Savings,8/30/2021,37409,Active
572,415,Credit Card,8/24/2020,-4053.45,Active
573,353,Credit Card,6/8/2018,41325.81,Active
574,157,Loan,2/24/2021,15599.99,Active
575,261,Credit Card,10/9/2018,27904.3,Closed
576,77,Savings,2/4/2015,2993.87,Active
577,769,Savings,6/11/2015,7744.16,Active
578,983,Checking,4/18/2023,4200.43,Closed
579,488,Savings,10/17/2022,13989.69,Closed
580,131,Savings,6/13/2017,18077.26,Active
581,579,Checking,4/15/2016,25668.02,Suspended
582,455,Credit Card,1/22/2022,-2114.56,Active
583,740,Savings,10/10/2022,16568.84,Active
584,163,Loan,12/9/2022,23949.09,Closed
585,15,Checking,12/17/2018,25821.86,Active
586,232,Savings,12/14/2015,10594.81,Active
587,195,Savings,11/24/2016,10719.24,Active
588,861,Checking,7/23/2017,14079.75,Active
589,542,Savings,7/1/2017,16860.53,Suspended
590,359,Checking,5/27/2015,28025.98,Active
591,850,Checking,6/7/2024,2899.04,Active
592,331,Checking,9/8/2019,7137.46,Active
593,427,Checking,11/5/2016,1685.89,Closed
594,497,Credit Card,12/10/2018,19277.54,Active
595,828,Checking,6/27/2022,26013.68,Active
596,486,Savings,2/26/2019,790.33,Active
597,808,Credit Card,12/9/2024,15887.03,Active
598,449,Savings,7/3/2018,25290.03,Active
599,413,Loan,3/27/2023,22845.47,Active
600,330,Credit Card,11/16/2016,22727.54,Closed
601,732,Credit Card,1/31/2018,3101.25,Active
602,889,Checking,5/1/2015,22694.34,Active
603,991,Credit Card,10/2/2021,13140.74,Active
604,147,Credit Card,7/25/2021,25701.62,Active
605,259,Checking,2/11/2015,19491.67,Active
606,292,Checking,5/31/2024,6844.99,Active
607,811,Checking,1/29/2015,17788.12,Active
608,143,Credit Card,8/23/2017,23185.16,Active
609,993,Savings,3/30/2020,9936.36,Active
610,937,Credit Card,10/3/2022,16288.02,Active
611,747,Checking,6/23/2020,1633.9,Active
612,627,Credit Card,8/23/2020,20490.32,Active
613,365,Checking,7/8/2017,14437.36,Active
614,90,Checking,3/28/2017,24140.86,Suspended
615,720,Savings,11/12/2022,20208.67,Active
616,164,Checking,2/17/2019,10928.27,Active
617,481,Checking,4/27/2018,6536.31,Closed
618,84,Checking,5/21/2017,4236,Active
619,77,Savings,10/22/2015,9925.78,Closed
620,673,Loan,11/29/2023,23870.97,Active
621,517,Credit Card,5/13/2017,-2562.67,Active
622,485,Savings,2/8/2022,4642.75,Active
623,590,Checking,7/6/2023,23589.99,Closed
624,603,Savings,5/14/2023,28289.52,Active
625,599,Credit Card,11/3/2017,5168.41,Active
626,782,Checking,5/6/2022,4531.91,Active
627,104,Checking,8/17/2016,29071.6,Active
628,452,Checking,3/28/2018,13764.06,Active
629,487,Credit Card,2/26/2019,6054.58,Active
630,339,Checking,9/14/2018,25446.18,Active
631,687,Credit Card,9/5/2016,20034.81,Active
632,566,Checking,2/16/2020,22366.54,Active
633,900,Checking,8/21/2023,6575.6,Active
634,478,Savings,12/6/2024,18748.25,Active
635,723,Savings,5/23/2019,27462.86,Active
636,607,Checking,5/3/2019,21407.94,Suspended
637,223,Checking,5/12/2019,24198.7,Active
638,9,Checking,6/21/2023,29031.43,Active
639,53,Checking,3/1/2018,19276.7,Active
640,77,Checking,4/9/2016,9348.79,Active
641,718,Loan,1/19/2019,23771.11,Active
642,503,Savings,3/27/2024,3942.95,Active
643,316,Savings,3/22/2023,12776.81,Active
644,814,Checking,2/25/2023,20880.79,Closed
645,822,Checking,7/14/2018,-17173.79,Closed
646,842,Checking,10/17/2022,17524.63,Active
647,624,Savings,9/8/2021,17996.26,Active
648,863,Savings,9/27/2023,3640.65,Suspended
649,165,Checking,4/12/2021,18258.61,Active
650,279,Credit Card,7/21/2016,16899.49,Active
651,27,Savings,2/7/2015,15339.72,Active
652,70,Checking,9/2/2015,26894.34,Active
653,218,Checking,1/21/2015,23789.09,Active
654,962,Savings,2/7/2018,21399.83,Closed
655,365,Credit Card,6/18/2019,4757.78,Closed
656,701,Checking,1/29/2016,14826.59,Active
657,845,Checking,12/4/2018,26844.35,Closed
658,947,Savings,9/13/2017,12853.38,Active
659,306,Checking,7/30/2019,30542.62,Active
660,124,Savings,8/17/2020,21691.93,Active
661,19,Savings,8/16/2024,32095.61,Active
662,257,Checking,7/3/2021,4326.68,Active
663,296,Checking,3/25/2020,13453.42,Active
664,928,Savings,10/17/2015,14398.69,Suspended
665,22,Checking,11/22/2019,21061.73,Closed
666,880,Checking,1/2/2022,7614.02,Closed
667,989,Credit Card,6/30/2017,-1076.07,Active
668,450,Checking,12/27/2015,18781.98,Active
669,552,Savings,6/11/2019,11335.27,Active
670,550,Checking,7/26/2022,10293.03,Suspended
671,48,Savings,8/7/2015,8071.91,Active
672,695,Checking,9/19/2021,16238.89,Active
673,587,Loan,7/8/2020,4231.42,Active
674,721,Credit Card,8/2/2020,13058.04,Closed
675,183,Checking,8/6/2020,6712.87,Active
676,435,Savings,9/1/2022,8908.23,Active
677,107,Checking,2/18/2023,18538.1,Active
678,188,Savings,4/11/2017,21514.1,Closed
679,776,Credit Card,11/29/2019,11938.95,Active
680,86,Savings,11/27/2019,24678.3,Closed
681,836,Checking,10/12/2022,5272.86,Closed
682,843,Savings,5/28/2018,-198.99,Active
683,456,Checking,8/17/2016,1636.75,Active
684,137,Credit Card,11/24/2020,4245.93,Active
685,858,Savings,8/3/2016,1871.07,Active
686,898,Checking,4/10/2022,35211.54,Active
687,336,Checking,10/14/2019,-502.21,Active
688,607,Credit Card,3/11/2024,24374.29,Active
689,838,Credit Card,8/17/2020,14748.71,Active
690,757,Checking,10/24/2022,17246,Active
691,469,Checking,2/14/2021,5942.7,Active
692,602,Savings,3/22/2015,18254.53,Closed
693,571,Checking,11/25/2020,5860.81,Active
694,403,Checking,9/6/2018,24227.66,Active
695,540,Checking,5/22/2019,25055.13,Closed
696,72,Checking,6/26/2022,13651.38,Active
697,782,Savings,12/12/2015,14306.36,Active
698,24,Loan,3/1/2020,19327.24,Active
699,624,Savings,7/3/2021,18816.09,Closed
700,812,Checking,7/8/2016,25241.46,Active
701,485,Savings,10/29/2015,24958.46,Closed
702,56,Savings,7/19/2015,14711.59,Closed
703,986,Checking,1/19/2023,10227.76,Active
704,223,Loan,7/22/2024,23116.2,Active
705,632,Savings,11/28/2017,13437.14,Active
706,179,Loan,11/3/2015,16137.44,Active
707,800,Savings,6/3/2023,20303.16,Active
708,434,Savings,7/15/2019,24755.57,Active
709,937,Checking,2/15/2020,17608.48,Active
710,450,Savings,8/15/2023,9128.02,Closed
711,793,Checking,11/20/2021,32970.1,Active
712,884,Credit Card,2/4/2021,30303.42,Active
713,492,Credit Card,5/16/2022,4819.97,Active
714,189,Credit Card,1/21/2020,5882.28,Active
715,578,Credit Card,10/31/2019,7139.87,Suspended
716,810,Credit Card,10/3/2015,23485.51,Active
717,961,Checking,3/21/2018,33351.43,Active
718,420,Savings,11/10/2023,9937.27,Active
719,249,Savings,3/15/2024,16692.68,Active
720,588,Savings,11/2/2018,7473.94,Active
721,649,Credit Card,4/22/2022,32001.93,Active
722,164,Checking,9/29/2016,23248.28,Closed
723,745,Checking,11/11/2019,6753.64,Closed
724,255,Loan,4/4/2024,-6023.41,Active
725,476,Savings,7/18/2017,25375.87,Active
726,806,Checking,6/22/2024,9275.15,Active
727,417,Credit Card,2/24/2020,23427.32,Active
728,170,Loan,7/2/2015,17936.9,Active
729,317,Checking,1/19/2020,-3342.96,Active
730,174,Credit Card,3/31/2024,6932.23,Active
731,470,Loan,3/13/2015,11458.55,Active
732,345,Loan,1/4/2024,8242.1,Active
733,445,Loan,7/29/2022,16161.68,Active
734,18,Savings,11/19/2023,19013.81,Active
735,70,Checking,8/4/2019,32893.6,Active
736,338,Checking,7/19/2018,19722.13,Active
737,628,Checking,8/5/2022,29911.01,Closed
738,592,Savings,9/9/2024,10231.83,Active
739,527,Checking,5/5/2021,26652.13,Closed
740,688,Checking,11/9/2017,11188.02,Active
741,456,Checking,3/10/2022,5829.83,Active
742,269,Checking,5/1/2023,5407.23,Active
743,631,Credit Card,3/25/2017,-11419.55,Active
744,811,Checking,3/7/2019,23540.83,Closed
745,188,Savings,1/3/2021,2098.05,Active
746,569,Savings,8/1/2024,29081.45,Active
747,711,Checking,11/11/2023,13257.79,Active
748,529,Loan,1/16/2023,-548.65,Active
749,434,Savings,11/6/2015,3822.7,Active
750,288,Checking,1/9/2022,16906.35,Active
751,918,Checking,8/23/2020,-3799.57,Suspended
752,567,Checking,5/12/2015,20899.45,Active
753,499,Checking,2/21/2020,-163.32,Active
754,441,Checking,9/3/2022,7610.24,Active
755,781,Savings,10/22/2021,16987.2,Closed
756,303,Credit Card,8/22/2022,19676.11,Closed
757,87,Savings,1/9/2017,22977.2,Active
758,830,Checking,3/5/2017,1934.54,Active
759,438,Checking,4/29/2021,11915.47,Active
760,541,Savings,5/14/2022,25930,Active
761,22,Checking,1/10/2024,11917.88,Suspended
762,833,Checking,9/15/2015,17942.74,Active
763,797,Credit Card,6/11/2018,16624.39,Active
764,560,Checking,4/30/2024,28012.37,Active
765,517,Credit Card,9/22/2021,10340.91,Active
766,762,Checking,1/26/2020,1100.51,Closed
767,675,Loan,9/1/2017,5321.28,Active
768,503,Savings,11/13/2017,16888.44,Active
769,714,Credit Card,9/28/2015,-695.41,Suspended
770,467,Checking,1/23/2018,9555.86,Active
771,101,Credit Card,5/22/2015,15754.16,Active
772,583,Credit Card,6/20/2017,7334.08,Active
773,942,Savings,4/10/2023,18268.53,Active
774,675,Savings,8/19/2023,22244.12,Active
775,685,Credit Card,10/1/2015,19549.09,Active
776,141,Checking,5/12/2021,-475.05,Active
777,138,Savings,4/9/2016,15791.82,Active
778,578,Credit Card,5/16/2018,16574.42,Active
779,710,Checking,8/12/2018,11190.7,Active
780,840,Checking,7/8/2023,18133.11,Active
781,228,Savings,10/15/2015,17774.25,Closed
782,281,Credit Card,10/1/2023,14091.25,Active
783,684,Checking,5/25/2017,4957.28,Active
784,828,Checking,6/15/2020,14733.79,Closed
785,431,Checking,3/8/2024,33669.31,Active
786,40,Credit Card,1/4/2023,11076.93,Active
787,519,Checking,2/5/2021,25473.05,Active
788,686,Savings,1/25/2018,15388.57,Active
789,663,Checking,4/29/2018,6992.71,Active
790,211,Credit Card,8/12/2023,12034.03,Closed
791,302,Loan,3/22/2016,14831.3,Active
792,86,Checking,10/3/2022,21552.11,Active
793,397,Checking,10/8/2024,38800.45,Active
794,253,Credit Card,2/21/2022,15546.65,Active
795,533,Checking,12/6/2021,2691.41,Closed
796,769,Checking,12/6/2022,-1545.77,Active
797,891,Credit Card,12/22/2016,10782.15,Active
798,915,Loan,12/3/2020,3719.12,Active
799,381,Savings,1/26/2022,20579.06,Active
800,444,Checking,9/5/2023,20652.56,Active
801,33,Checking,9/13/2018,13540.25,Active
802,260,Checking,2/11/2016,21573.86,Closed
803,234,Credit Card,4/7/2024,15647.59,Active
804,515,Credit Card,9/22/2019,33675.74,Active
805,859,Credit Card,11/24/2016,21261.25,Active
806,308,Checking,10/25/2023,23956.17,Active
807,739,Savings,5/6/2024,518.73,Active
808,796,Checking,5/9/2016,3287.65,Active
809,70,Checking,8/5/2017,19788.38,Active
810,454,Credit Card,1/23/2015,-492.24,Active
811,439,Checking,2/2/2018,8755.24,Active
812,825,Savings,8/26/2019,26794.13,Closed
813,364,Savings,7/11/2016,8541.44,Active
814,983,Loan,6/5/2019,2902.67,Active
815,766,Credit Card,7/29/2017,21675.43,Active
816,481,Credit Card,5/30/2018,35735.32,Active
817,144,Savings,12/12/2022,6913.55,Active
818,24,Checking,6/14/2023,27240.26,Active
819,965,Savings,1/17/2023,5668.25,Active
820,425,Savings,7/15/2019,13875.32,Active
821,746,Savings,3/19/2015,14308.67,Active
822,845,Savings,9/7/2018,7180.18,Active
823,175,Checking,3/17/2017,23753.95,Active
824,844,Checking,1/26/2024,-397.21,Suspended
825,325,Checking,11/7/2017,16950.48,Active
826,869,Savings,2/6/2017,25741.65,Closed
827,671,Savings,3/29/2016,22921.63,Closed
828,860,Savings,8/15/2024,19912.15,Closed
829,348,Checking,2/23/2023,30852.99,Active
830,798,Checking,5/13/2021,12803.83,Closed
831,18,Credit Card,12/18/2018,-247.26,Active
832,44,Credit Card,2/8/2019,16352.07,Active
833,155,Savings,11/16/2017,13742.38,Active
834,867,Savings,1/5/2022,-6158.21,Active
835,922,Checking,3/3/2020,3748.99,Active
836,377,Credit Card,11/16/2021,2473.74,Active
837,743,Credit Card,10/25/2022,6854.67,Active
838,883,Savings,11/11/2022,11488.26,Active
839,828,Savings,12/29/2015,11871.26,Active
840,402,Savings,6/16/2024,7211.95,Active
841,225,Savings,8/30/2022,2460.61,Suspended
842,217,Savings,6/8/2016,18774.52,Active
843,568,Savings,6/15/2024,16165.72,Active
844,31,Savings,11/30/2023,16466.71,Suspended
845,869,Checking,5/2/2018,32790.11,Active
846,59,Loan,1/25/2019,16628.74,Active
847,892,Credit Card,10/4/2020,11333.42,Closed
848,898,Checking,6/7/2018,13941.94,Closed
849,353,Savings,12/11/2021,15988.19,Active
850,935,Checking,6/27/2023,21157.93,Active
851,445,Checking,1/30/2020,14552.8,Closed
852,235,Checking,12/22/2016,-4429.21,Active
853,107,Savings,6/6/2020,10632.52,Active
854,191,Credit Card,4/22/2018,15014.93,Active
855,992,Savings,12/19/2018,28042.02,Active
856,530,Savings,10/30/2018,7141.04,Active
857,913,Savings,9/19/2020,-1352.61,Closed
858,738,Checking,2/16/2019,15643.77,Active
859,679,Checking,9/30/2017,23662.37,Active
860,583,Credit Card,4/26/2021,11065.77,Active
861,874,Loan,10/24/2021,38830.49,Active
862,566,Savings,7/14/2017,36474.98,Active
863,245,Savings,5/5/2017,14275.27,Closed
864,995,Loan,3/25/2015,16867.13,Closed
865,862,Checking,9/24/2020,28687.31,Active
866,76,Credit Card,10/23/2021,14101.65,Active
867,547,Savings,3/23/2019,6959.11,Active
868,267,Savings,9/12/2017,23889.32,Closed
869,317,Checking,2/12/2020,19644.13,Active
870,812,Savings,8/10/2024,6926.55,Closed
871,121,Credit Card,5/16/2015,17791.64,Active
872,836,Checking,4/21/2018,13399.39,Active
873,25,Savings,9/29/2019,11149.04,Active
874,432,Checking,4/10/2018,7141.6,Active
875,160,Credit Card,6/27/2017,16214.03,Closed
876,596,Savings,12/18/2022,12341.43,Active
877,114,Credit Card,10/6/2022,17847.07,Active
878,735,Checking,8/12/2016,23198.38,Active
879,900,Checking,5/5/2020,17315.66,Active
880,502,Checking,8/13/2017,17486.85,Active
881,166,Checking,6/30/2022,9588.23,Active
882,703,Checking,1/30/2022,26743.56,Active
883,175,Savings,2/17/2018,6514.71,Active
884,1,Checking,3/6/2024,-1119.92,Active
885,899,Savings,8/24/2018,4290.17,Active
886,741,Checking,7/18/2022,25342.64,Active
887,86,Savings,3/2/2024,19588.98,Active
888,574,Credit Card,4/3/2019,28119.43,Active
889,320,Savings,5/31/2021,1769.48,Active
890,401,Loan,12/12/2019,38202.18,Active
891,382,Checking,10/1/2020,12163.16,Active
892,718,Savings,3/16/2017,-2603.43,Active
893,617,Savings,12/26/2018,36957.83,Active
894,318,Savings,2/21/2015,1898.98,Active
895,803,Savings,8/7/2022,11021.04,Closed
896,250,Savings,3/13/2015,12942.48,Active
897,525,Savings,1/28/2015,19440.83,Active
898,675,Savings,4/13/2016,7086.97,Active
899,555,Loan,2/2/2017,25393.13,Active
900,898,Loan,1/12/2023,22536.36,Active
901,952,Checking,2/7/2023,15190.67,Closed
902,623,Checking,2/7/2022,28243.29,Active
903,717,Credit Card,11/25/2018,14321.43,Active
904,896,Loan,2/26/2021,12243.54,Active
905,256,Checking,3/30/2017,34981.03,Active
906,307,Checking,1/29/2019,17957.36,Active
907,950,Loan,8/3/2019,5143.49,Closed
908,144,Credit Card,7/13/2016,6497.31,Closed
909,658,Checking,1/14/2016,15189.58,Active
910,391,Savings,4/2/2020,-8979.98,Closed
911,813,Loan,11/23/2023,8670.11,Active
912,676,Credit Card,12/11/2017,13996.06,Active
913,169,Credit Card,3/20/2015,13328.02,Active
914,990,Credit Card,11/9/2018,2425.57,Active
915,298,Checking,4/13/2017,10514.84,Closed
916,233,Credit Card,12/26/2024,26798.04,Suspended
917,903,Checking,10/28/2017,24731.49,Closed
918,271,Loan,12/30/2023,15956.16,Active
919,60,Checking,9/3/2020,14310.9,Active
920,296,Credit Card,3/25/2016,13383.73,Active
921,467,Checking,9/16/2022,17363.1,Active
922,235,Savings,9/3/2022,16025.69,Active
923,677,Checking,6/15/2020,18241.41,Active
924,706,Savings,8/29/2024,20017.94,Closed
925,234,Credit Card,1/24/2019,2888.93,Closed
926,368,Credit Card,2/23/2021,11897.31,Active
927,695,Savings,9/1/2023,16979.12,Active
928,845,Checking,10/9/2019,5341.65,Active
929,232,Loan,5/24/2020,8261.79,Active
930,873,Credit Card,10/20/2021,12821.03,Active
931,491,Credit Card,3/31/2019,13311.65,Active
932,619,Credit Card,11/20/2016,17166.03,Active
933,503,Credit Card,6/13/2020,6519.69,Active
934,890,Savings,11/2/2018,24680.2,Active
935,735,Credit Card,8/9/2016,13229.24,Closed
936,592,Savings,11/21/2020,16451.98,Active
937,746,Credit Card,1/4/2020,11301.68,Closed
938,381,Credit Card,6/8/2020,17356.51,Active
939,696,Checking,9/18/2016,31712.21,Active
940,428,Checking,7/24/2020,11208.81,Active
941,697,Checking,7/8/2023,9555.04,Active
942,646,Checking,11/10/2021,6698.44,Active
943,732,Savings,12/30/2015,14403.78,Active
944,800,Credit Card,12/22/2020,14287.96,Active
945,364,Checking,1/9/2016,15514.43,Active
946,202,Savings,1/17/2024,19682.56,Closed
947,882,Loan,9/17/2020,18421.68,Active
948,146,Credit Card,6/10/2020,14774.79,Closed
949,836,Savings,11/6/2022,34538.02,Active
950,639,Credit Card,9/25/2020,21906.8,Closed
951,457,Savings,9/14/2020,4107.4,Closed
952,135,Checking,11/12/2020,-452.02,Active
953,626,Checking,4/21/2023,8043.51,Active
954,264,Checking,10/16/2018,16526.58,Active
955,64,Checking,3/29/2019,7205,Active
956,491,Loan,3/15/2018,8723.73,Active
957,647,Credit Card,4/24/2020,15260.67,Active
958,41,Savings,1/3/2016,11580.27,Closed
959,296,Savings,3/6/2015,-5477.01,Closed
960,3,Checking,1/13/2024,25771.77,Active
961,913,Credit Card,1/23/2017,23449.57,Active
962,706,Credit Card,3/24/2019,2148.79,Active
963,975,Checking,7/28/2020,15568.91,Active
964,110,Checking,11/3/2022,3834.48,Active
965,221,Savings,2/20/2020,8912.03,Active
966,370,Savings,4/28/2019,19861.53,Closed
967,368,Savings,1/25/2017,23100.47,Active
968,436,Savings,2/6/2021,22866.43,Active
969,918,Savings,3/5/2019,17448.39,Active
970,4,Checking,8/19/2016,27752.06,Active
971,244,Checking,11/1/2023,8894.38,Active
972,902,Savings,10/5/2022,11113.71,Active
973,166,Credit Card,11/15/2024,-10946.28,Active
974,26,Loan,4/28/2022,14069.43,Active
975,395,Credit Card,8/7/2024,20796.93,Active
976,474,Credit Card,1/9/2020,17852.6,Active
977,17,Savings,9/6/2023,8759.8,Active
978,728,Savings,4/17/2022,23445.26,Active
979,92,Loan,10/27/2018,14261.69,Active
980,483,Checking,5/6/2019,22664.27,Closed
981,543,Savings,5/26/2024,19861.5,Active
982,205,Savings,4/22/2015,29245.09,Suspended
983,502,Savings,3/28/2016,18393.63,Active
984,931,Checking,9/4/2022,21099.43,Active
985,400,Savings,11/15/2023,14232.83,Active
986,207,Credit Card,3/16/2022,9971.1,Active
987,619,Savings,12/26/2020,19907.32,Active
988,146,Credit Card,2/15/2020,30027.31,Active
989,879,Checking,3/28/2021,8841.19,Active
990,101,Loan,6/16/2018,12518.64,Active
991,880,Savings,4/20/2023,15266.5,Active
992,830,Savings,9/10/2015,21848.96,Active
993,880,Checking,6/27/2020,18454.58,Active
994,241,Checking,12/30/2018,24130.63,Active
995,923,Savings,4/26/2020,34739.09,Active
996,759,Savings,2/21/2022,8610.99,Active
997,163,Savings,7/25/2024,21097.29,Active
998,884,Checking,8/19/2018,18206.4,Active
999,173,Credit Card,10/20/2020,15190.4,Active
1000,502,Credit Card,2/17/2024,21060.85,Active
1001,547,Checking,2/1/2020,12331.97,Active
1002,284,Savings,3/19/2021,18230.46,Active
1003,359,Credit Card,1/5/2018,1947.08,Active
1004,381,Savings,3/3/2015,9611.85,Closed
1005,870,Checking,2/3/2019,25475.21,Active
1006,905,Savings,3/26/2018,25090.83,Active
1007,972,Checking,3/16/2017,17594.33,Active
1008,911,Checking,12/12/2020,10469.5,Active
1009,533,Checking,8/20/2022,23252.66,Active
1010,820,Savings,2/19/2020,27364.87,Active
1011,163,Checking,1/17/2021,10876.33,Active
1012,609,Loan,6/24/2016,449.8,Active
1013,307,Checking,9/17/2016,19491.35,Active
1014,339,Checking,6/3/2019,24137.68,Active
1015,55,Savings,11/15/2024,20874.84,Active
1016,983,Checking,4/16/2015,30650.79,Active
1017,333,Savings,2/28/2018,30693.01,Active
1018,127,Checking,5/21/2024,11946.03,Active
1019,940,Checking,9/5/2019,16989.94,Closed
1020,705,Checking,9/24/2022,10034.65,Active
1021,243,Savings,3/23/2020,4779.36,Active
1022,861,Checking,8/11/2020,5365.61,Active
1023,600,Credit Card,3/30/2021,22170.21,Active
1024,848,Savings,1/4/2016,18028.88,Active
1025,409,Savings,6/28/2018,23899.61,Active
1026,503,Savings,8/3/2017,40316.21,Active
1027,727,Savings,9/15/2023,19998.68,Active
1028,604,Loan,3/1/2024,7120.79,Active
1029,303,Checking,2/5/2021,25351.27,Active
1030,464,Checking,10/20/2015,6934.88,Active
1031,235,Checking,8/6/2016,32483.37,Active
1032,696,Checking,10/13/2022,-4714.49,Active
1033,38,Checking,1/31/2021,9534.51,Active
1034,139,Savings,12/10/2020,21221.38,Active
1035,195,Savings,3/24/2021,26775.21,Active
1036,527,Loan,10/27/2021,8230.17,Active
1037,769,Checking,10/11/2021,6417.42,Active
1038,647,Checking,8/21/2023,16483.67,Active
1039,1,Loan,2/3/2017,34089.94,Active
1040,561,Credit Card,5/3/2022,-383.78,Active
1041,96,Savings,10/13/2020,11858.8,Active
1042,713,Savings,7/28/2018,17601.85,Active
1043,413,Credit Card,11/15/2018,7040.51,Active
1044,538,Savings,3/3/2016,7006.14,Suspended
1045,855,Checking,4/19/2022,12666.08,Active
1046,429,Credit Card,2/20/2023,17927.1,Active
1047,235,Savings,7/7/2020,13049.38,Active
1048,349,Checking,10/30/2022,29655.66,Active
1049,756,Savings,4/17/2015,20926.04,Closed
1050,870,Savings,11/28/2024,18831.64,Active
1051,481,Credit Card,10/20/2016,25276.54,Active
1052,839,Checking,2/16/2024,19008.03,Active
1053,396,Credit Card,3/28/2018,10568.13,Active
1054,351,Savings,5/1/2021,12368.48,Suspended
1055,416,Savings,9/9/2024,3705.64,Closed
1056,886,Checking,5/10/2018,35048.78,Active
1057,916,Credit Card,6/4/2015,24307.24,Active
1058,887,Loan,6/12/2023,-10595.82,Active
1059,51,Checking,3/22/2024,28331.28,Active
1060,81,Checking,6/14/2017,340.67,Active
1061,36,Savings,3/2/2019,20206.69,Active
1062,67,Credit Card,6/9/2019,-7040.26,Closed
1063,641,Checking,9/19/2017,10718.71,Active
1064,882,Savings,4/11/2021,28409.34,Active
1065,667,Savings,8/16/2018,28966.34,Active
1066,757,Checking,10/17/2018,18067.75,Closed
1067,623,Savings,5/18/2024,22874.65,Active
1068,680,Checking,11/1/2024,864.3,Active
1069,481,Credit Card,8/30/2021,20383.33,Active
1070,468,Savings,9/7/2022,23509.71,Closed
1071,142,Savings,4/6/2024,40697.46,Closed
1072,356,Checking,9/27/2021,8767.81,Active
1073,709,Checking,7/25/2018,15163.03,Active
1074,471,Credit Card,7/25/2022,15781.15,Active
1075,621,Savings,1/28/2017,21985.84,Active
1076,888,Savings,1/16/2017,23805.11,Active
1077,591,Savings,8/15/2016,25609.15,Active
1078,902,Savings,5/20/2024,24879.62,Active
1079,673,Checking,3/29/2019,188.82,Closed
1080,439,Checking,11/26/2022,-11131.97,Active
1081,531,Checking,1/16/2015,9856.24,Active
1082,127,Credit Card,9/19/2017,14645.83,Active
1083,205,Checking,12/4/2017,8867.32,Closed
1084,29,Checking,9/6/2018,10403.02,Active
1085,445,Credit Card,5/22/2022,11637.51,Active
1086,966,Checking,4/20/2024,20774.41,Active
1087,719,Savings,1/4/2021,4663.08,Active
1088,464,Checking,7/30/2021,14221.72,Active
1089,280,Checking,1/21/2024,14298.26,Closed
1090,151,Savings,12/3/2016,20546.99,Suspended
1091,240,Checking,9/4/2016,26619.05,Suspended
1092,266,Credit Card,4/15/2015,31841.07,Active
1093,694,Savings,2/6/2019,7540.09,Closed
1094,105,Checking,1/31/2016,-4999.75,Suspended
1095,937,Checking,8/18/2024,12580.72,Closed
1096,433,Savings,4/7/2022,-886.17,Active
1097,913,Checking,1/5/2024,42345.77,Active
1098,497,Checking,7/3/2020,6271.19,Active
1099,440,Savings,4/30/2017,20638.34,Closed
1100,748,Credit Card,6/11/2020,24340.66,Active
1101,685,Savings,3/17/2016,18406.22,Active
1102,158,Credit Card,7/27/2019,35767.2,Suspended
1103,172,Credit Card,5/22/2017,12975.19,Active
1104,494,Checking,10/28/2016,6651.18,Active
1105,970,Credit Card,11/17/2017,6133.75,Suspended
1106,311,Credit Card,10/12/2022,22500.06,Suspended
1107,403,Checking,11/27/2021,13102.02,Active
1108,669,Loan,9/19/2016,6135.11,Closed
1109,770,Checking,3/30/2024,19413.05,Active
1110,676,Checking,11/29/2018,22092.49,Active
1111,659,Credit Card,10/24/2024,17713.05,Active
1112,903,Savings,12/24/2021,23995.96,Active
1113,666,Checking,12/14/2015,15880.99,Active
1114,463,Checking,6/17/2018,9063.75,Active
1115,367,Credit Card,10/14/2017,23114,Closed
1116,550,Credit Card,7/23/2016,6099.12,Active
1117,643,Savings,7/5/2022,3711.15,Closed
1118,870,Loan,5/1/2024,26559.5,Active
1119,255,Checking,9/4/2020,11521.52,Active
1120,208,Checking,7/12/2024,31656.84,Closed
1121,450,Savings,8/15/2023,23565.95,Closed
1122,95,Credit Card,5/6/2020,10761.61,Active
1123,860,Checking,3/14/2021,19862.21,Active
1124,839,Checking,9/13/2018,40283.8,Active
1125,478,Credit Card,11/24/2022,22542.73,Active
1126,683,Loan,9/22/2022,20816.99,Closed
1127,762,Savings,6/22/2023,9052.79,Active
1128,190,Checking,10/31/2016,33445.55,Active
1129,711,Loan,12/18/2016,28179.38,Active
1130,484,Credit Card,6/15/2021,9144.38,Active
1131,733,Savings,3/31/2022,33804.13,Active
1132,536,Credit Card,9/24/2015,16647.51,Active
1133,756,Credit Card,12/9/2018,6596.18,Active
1134,423,Loan,5/17/2022,9014.81,Active
1135,836,Credit Card,2/21/2024,23777.01,Active
1136,640,Savings,9/18/2018,6665,Active
1137,605,Savings,10/19/2017,3968.84,Closed
1138,812,Savings,7/30/2020,10611.26,Suspended
1139,133,Savings,11/2/2021,12104.87,Active
1140,55,Credit Card,7/18/2016,8266.84,Active
1141,989,Loan,6/24/2018,10460.55,Closed
1142,510,Savings,11/25/2017,24169.31,Active
1143,670,Savings,11/25/2018,17565.02,Active
1144,541,Savings,1/28/2015,9843.59,Active
1145,410,Savings,8/8/2015,10721.52,Active
1146,211,Savings,2/10/2016,13683.44,Active
1147,666,Checking,6/26/2019,14255.86,Active
1148,293,Savings,12/4/2019,14298.14,Active
1149,987,Checking,5/7/2021,23802.48,Active
1150,734,Checking,10/26/2019,16970.38,Suspended
1151,115,Credit Card,8/2/2019,17264.58,Active
1152,949,Checking,3/2/2017,29267.85,Active
1153,670,Checking,10/22/2024,33766.51,Closed
1154,259,Checking,8/20/2017,2690.29,Active
1155,763,Checking,8/2/2018,-789.08,Active
1156,122,Credit Card,8/26/2024,11505.94,Suspended
1157,299,Savings,4/13/2017,22831.29,Active
1158,775,Credit Card,11/13/2015,18759.86,Active
1159,381,Checking,8/13/2018,25541,Closed
1160,561,Checking,7/13/2021,11076.36,Active
1161,889,Checking,8/23/2018,-4567.07,Active
1162,841,Credit Card,7/31/2024,1332.18,Closed
1163,501,Savings,12/17/2015,20647.34,Closed
1164,297,Loan,5/25/2016,25617.54,Suspended
1165,362,Savings,1/16/2022,-4067.97,Active
1166,589,Savings,5/6/2016,29106.58,Active
1167,463,Credit Card,4/15/2020,19646.33,Active
1168,438,Loan,6/6/2019,14295.78,Active
1169,127,Checking,8/18/2020,8731.77,Active
1170,197,Checking,3/1/2019,30911.61,Active
1171,221,Savings,5/3/2019,23970.06,Active
1172,995,Savings,2/21/2022,19908.23,Active
1173,91,Loan,10/23/2021,7685.97,Active
1174,411,Savings,4/25/2019,31141.81,Active
1175,8,Checking,10/10/2022,15303.51,Closed
1176,544,Loan,10/28/2019,17990.17,Active
1177,468,Credit Card,6/14/2020,15730.59,Active
1178,320,Checking,9/15/2023,7344.5,Closed
1179,394,Loan,6/22/2018,18197.21,Active
1180,269,Checking,2/9/2024,21969.39,Active
1181,191,Checking,9/11/2020,10583.93,Active
1182,861,Loan,11/12/2017,17340.77,Closed
1183,675,Savings,12/2/2022,15584.99,Active
1184,61,Checking,2/26/2022,24151.31,Active
1185,438,Checking,2/18/2015,12010.59,Suspended
1186,264,Credit Card,4/6/2016,17265.71,Suspended
1187,797,Checking,3/22/2022,19371.69,Active
1188,95,Savings,12/2/2015,11784.33,Closed
1189,553,Savings,10/13/2018,6746.45,Suspended
1190,926,Checking,2/19/2018,8373.94,Active
1191,470,Savings,8/16/2024,19091.9,Active
1192,661,Credit Card,12/25/2015,12646.84,Active
1193,716,Savings,7/21/2021,12514.11,Active
1194,779,Checking,7/12/2015,21041.48,Closed
1195,514,Checking,12/10/2018,25194.92,Active
1196,690,Savings,11/1/2018,26917.16,Closed
1197,937,Credit Card,9/4/2024,8874.99,Active
1198,194,Checking,1/25/2017,24227.46,Active
1199,482,Checking,8/12/2019,35849.83,Active
1200,899,Savings,10/23/2023,16260.7,Active
1201,336,Savings,11/30/2021,14266.9,Closed
1202,435,Checking,4/7/2017,12182.39,Active
1203,196,Credit Card,6/8/2017,4362.43,Active
1204,855,Checking,10/14/2016,23422.53,Active
1205,249,Credit Card,9/21/2021,14311.39,Closed
1206,498,Savings,5/22/2021,13502.9,Closed
1207,212,Savings,4/5/2020,21873.43,Active
1208,665,Checking,4/30/2017,22794.83,Active
1209,670,Credit Card,4/21/2015,8991.57,Active
1210,466,Checking,9/11/2016,9230.36,Active
1211,874,Checking,3/3/2017,8786.44,Active
1212,651,Savings,9/28/2020,36135.14,Active
1213,221,Credit Card,6/13/2023,29771.46,Active
1214,273,Checking,3/3/2018,22070.4,Active
1215,154,Checking,8/10/2016,11245.89,Active
1216,249,Credit Card,3/28/2022,12430.71,Active
1217,279,Credit Card,5/7/2024,18634.37,Active
1218,440,Checking,6/10/2022,37091.3,Active
1219,948,Savings,8/2/2018,17888.77,Active
1220,816,Savings,5/11/2020,20088.26,Active
1221,276,Savings,6/19/2021,-10489.81,Active
1222,514,Credit Card,4/7/2022,17575.79,Suspended
1223,88,Checking,10/24/2015,1061.39,Active
1224,799,Credit Card,6/18/2019,10130.05,Closed
1225,923,Savings,7/22/2016,15468.86,Active
1226,642,Savings,4/2/2018,11978.98,Active
1227,505,Savings,4/11/2017,8640.4,Active
1228,590,Loan,10/8/2024,8729.53,Active
1229,772,Checking,9/1/2016,12889.52,Active
1230,241,Checking,1/16/2015,12452.92,Active
1231,653,Checking,5/8/2024,15202.73,Active
1232,740,Loan,8/16/2023,14455.22,Closed
1233,675,Credit Card,10/1/2018,27788.76,Active
1234,236,Savings,3/13/2015,-5496.01,Active
1235,128,Checking,9/27/2015,17449.73,Active
1236,503,Credit Card,10/14/2015,15710.1,Active
1237,200,Credit Card,3/7/2015,13658.1,Active
1238,962,Savings,5/29/2017,7941.9,Active
1239,902,Checking,3/9/2015,13502.92,Active
1240,543,Checking,5/1/2018,-1335.08,Active
1241,502,Savings,7/24/2023,17067.18,Active
1242,650,Credit Card,4/16/2023,18880.59,Active
1243,492,Checking,11/3/2018,7959.32,Suspended
1244,21,Savings,8/31/2017,34406.91,Closed
1245,234,Checking,11/14/2023,13795.56,Closed
1246,714,Credit Card,7/12/2024,15440.73,Active
1247,791,Savings,5/22/2016,28357.82,Active
1248,643,Checking,11/17/2024,36421.23,Active
1249,416,Savings,11/24/2022,3766.61,Active
1250,148,Checking,1/30/2018,9228.38,Active
1251,970,Checking,6/4/2017,13973.23,Closed
1252,29,Credit Card,10/12/2022,7571.27,Active
1253,361,Checking,10/5/2021,23461.13,Active
1254,308,Checking,6/10/2020,6470.17,Active
1255,883,Checking,2/13/2017,27666.03,Active
1256,942,Checking,11/30/2021,21236.47,Active
1257,162,Checking,7/14/2017,26640.43,Active
1258,869,Checking,4/30/2015,6514.96,Active
1259,852,Savings,4/22/2020,11165.06,Active
1260,61,Checking,3/16/2024,23979.86,Active
1261,125,Credit Card,5/2/2016,22165.93,Active
1262,456,Checking,11/7/2023,12131.41,Closed
1263,71,Checking,10/26/2020,13554.68,Active
1264,838,Checking,7/7/2023,10656.52,Active
1265,907,Credit Card,6/27/2024,13285.56,Suspended
1266,876,Savings,3/16/2016,5346.59,Active
1267,466,Credit Card,11/20/2024,3667.83,Active
1268,243,Checking,4/6/2016,25054.31,Active
1269,490,Credit Card,9/3/2016,12945.96,Closed
1270,761,Checking,8/10/2018,26513.28,Active
1271,221,Checking,7/3/2024,20959.85,Active
1272,473,Savings,7/18/2019,18120.11,Active
1273,959,Checking,7/5/2017,7897.78,Active
1274,533,Loan,8/30/2023,2892.2,Closed
1275,494,Checking,4/10/2022,10430.91,Active
1276,899,Loan,1/6/2015,30319.17,Active
1277,82,Savings,11/11/2016,23889.57,Active
1278,856,Savings,1/21/2023,9495.86,Active
1279,879,Checking,5/7/2021,10544.4,Closed
1280,998,Checking,7/2/2019,5709.11,Suspended
1281,522,Loan,10/29/2022,-470.86,Active
1282,923,Checking,2/19/2022,16016,Closed
1283,12,Savings,4/9/2015,32250.77,Active
1284,263,Loan,6/9/2016,32376.33,Closed
1285,657,Checking,2/19/2021,21079.04,Active
1286,449,Savings,3/26/2018,8973.28,Active
1287,192,Savings,8/17/2019,505.2,Active
1288,762,Checking,2/12/2018,25470.62,Active
1289,114,Checking,1/31/2016,19472.17,Active
1290,26,Savings,2/8/2017,11837.72,Closed
1291,783,Checking,1/1/2020,10167.08,Closed
1292,499,Credit Card,5/30/2023,21004.37,Active
1293,508,Checking,3/26/2019,6733.78,Active
1294,545,Loan,1/6/2023,17392.32,Closed
1295,62,Checking,12/30/2023,2801.78,Active
1296,229,Savings,8/24/2022,37285.12,Active
1297,815,Savings,11/13/2016,8129.53,Active
1298,607,Checking,4/6/2019,21483.99,Active
1299,35,Checking,1/15/2015,3019.78,Active
1300,705,Credit Card,7/22/2024,13367.47,Active
1301,456,Credit Card,8/12/2021,23846.19,Active
1302,588,Checking,5/9/2022,26009.55,Active
1303,891,Savings,12/10/2022,22632.88,Closed
1304,502,Checking,5/21/2018,13617.56,Active
1305,761,Checking,7/10/2022,8340.49,Active
1306,595,Savings,1/5/2015,4223.23,Active
1307,25,Credit Card,3/28/2021,30037.99,Active
1308,569,Checking,12/17/2023,16033.71,Active
1309,32,Loan,3/23/2020,17882.39,Active
1310,831,Checking,11/26/2018,26653.7,Active
1311,12,Savings,10/26/2023,20867.31,Active
1312,319,Savings,5/27/2019,13725.83,Active
1313,845,Savings,10/3/2024,22444.03,Active
1314,604,Savings,5/18/2023,8774.54,Active
1315,1,Checking,1/11/2024,-511.41,Active
1316,435,Credit Card,3/18/2022,29118.42,Closed
1317,838,Credit Card,6/18/2015,9607.97,Active
1318,136,Checking,9/9/2022,11957.1,Active
1319,196,Credit Card,3/2/2017,12839.17,Active
1320,133,Checking,9/26/2017,8977.95,Closed
1321,985,Credit Card,6/1/2015,26013.34,Active
1322,86,Checking,5/22/2023,18744.56,Active
1323,476,Checking,3/21/2021,11962.13,Active
1324,807,Checking,5/18/2016,2243.31,Active
1325,791,Savings,4/23/2019,18037.98,Active
1326,324,Savings,9/22/2020,-9506.1,Active
1327,180,Checking,7/7/2022,17327.46,Active
1328,516,Checking,5/18/2016,28431.8,Suspended
1329,638,Checking,1/26/2024,15645.58,Active
1330,175,Savings,2/25/2023,27063.27,Active
1331,763,Savings,4/22/2017,2708.22,Active
1332,21,Checking,12/17/2015,35385.41,Closed
1333,997,Checking,9/1/2020,25972.85,Active
1334,952,Credit Card,7/18/2019,19759.66,Closed
1335,105,Checking,8/20/2016,9016.06,Active
1336,578,Checking,12/2/2017,7354.78,Active
1337,443,Checking,11/18/2021,14290.93,Active
1338,775,Savings,2/9/2015,27027.78,Closed
1339,49,Savings,6/8/2021,1844.79,Active
1340,528,Savings,6/24/2015,15104.11,Active
1341,145,Checking,9/25/2017,22342.2,Active
1342,340,Credit Card,11/12/2024,24293.49,Active
1343,762,Checking,1/24/2019,22312.37,Active
1344,855,Credit Card,4/22/2022,824.06,Closed
1345,354,Savings,5/1/2018,26317.78,Active
1346,75,Savings,4/10/2021,15671.94,Active
1347,802,Checking,4/15/2017,4144.05,Active
1348,929,Checking,5/16/2021,14758.32,Active
1349,794,Savings,11/25/2017,-4586.65,Active
1350,578,Savings,2/17/2022,20782.98,Active
1351,637,Checking,6/16/2017,13722.91,Active
1352,319,Loan,4/13/2019,2298.84,Closed
1353,87,Loan,10/31/2023,12099.23,Active
1354,553,Savings,11/12/2017,7925.35,Active
1355,982,Loan,7/29/2022,8564.16,Active
1356,698,Checking,7/20/2017,-7610.33,Active
1357,866,Checking,11/8/2020,-1721.63,Active
1358,892,Checking,9/3/2021,12703.01,Closed
1359,847,Savings,5/23/2024,10982.49,Active
1360,778,Checking,2/10/2022,24739.78,Closed
1361,783,Loan,2/26/2023,8682.17,Active
1362,42,Checking,6/5/2018,9730.19,Active
1363,93,Checking,5/10/2018,10197.6,Closed
1364,697,Credit Card,10/5/2018,13029.7,Closed
1365,727,Checking,11/27/2017,15914.64,Suspended
1366,507,Checking,8/12/2022,10936.72,Active
1367,529,Savings,5/14/2016,20712.21,Active
1368,956,Checking,9/19/2019,38002.21,Active
1369,265,Checking,7/12/2023,6745.56,Active
1370,626,Checking,12/28/2022,18918.3,Active
1371,292,Savings,1/8/2022,15295.26,Suspended
1372,969,Loan,10/16/2020,25470.35,Active
1373,464,Credit Card,10/30/2019,17030,Closed
1374,804,Checking,12/10/2020,7735.49,Active
1375,560,Checking,9/5/2019,3349.46,Active
1376,819,Savings,12/2/2015,21104.9,Active
1377,97,Loan,3/22/2018,4161.98,Active
1378,887,Checking,4/10/2023,26837.4,Closed
1379,95,Checking,2/17/2017,20531.93,Active
1380,326,Credit Card,3/31/2018,15867.09,Active
1381,74,Loan,12/30/2023,1877.45,Active
1382,336,Checking,4/17/2020,21753.23,Active
1383,68,Checking,6/9/2024,31167.66,Closed
1384,758,Checking,1/6/2019,10749.05,Active
1385,918,Checking,10/6/2021,7580.93,Active
1386,77,Savings,4/11/2019,14079.74,Closed
1387,208,Savings,7/27/2017,19669.42,Active
1388,884,Savings,3/14/2017,9687.81,Closed
1389,766,Checking,4/19/2020,23991.98,Active
1390,221,Checking,9/25/2016,34107.18,Active
1391,262,Checking,6/7/2018,18302.46,Suspended
1392,410,Checking,12/18/2017,11750.14,Closed
1393,331,Credit Card,11/13/2020,19400.04,Active
1394,344,Checking,7/9/2018,26773,Active
1395,989,Checking,12/20/2015,16596.37,Closed
1396,771,Checking,4/6/2024,19850.95,Active
1397,820,Savings,3/5/2018,22047.66,Active
1398,74,Savings,2/29/2020,6245.54,Active
1399,637,Credit Card,12/24/2019,19591.21,Active
1400,700,Checking,8/24/2017,1580.51,Active
1401,254,Credit Card,2/18/2023,8415.69,Closed
1402,959,Checking,11/25/2021,26456.62,Active
1403,833,Checking,10/13/2021,23710.35,Closed
1404,820,Loan,4/11/2023,12298.2,Active
1405,747,Checking,1/28/2022,32057.93,Active
1406,986,Savings,3/15/2018,1898.1,Active
1407,762,Checking,3/28/2019,12949.12,Active
1408,332,Savings,11/4/2020,17751.04,Active
1409,398,Credit Card,4/19/2015,-13082.47,Active
1410,345,Credit Card,7/26/2024,13423.37,Active
1411,584,Credit Card,9/30/2018,3755.02,Active
1412,747,Savings,2/20/2024,3982.63,Active
1413,836,Checking,10/24/2019,12277.7,Suspended
1414,668,Savings,9/20/2017,-3256.58,Suspended
1415,455,Credit Card,2/26/2019,6920.4,Active
1416,906,Checking,9/18/2018,-3022.82,Active
1417,115,Savings,4/1/2017,16237.87,Active
1418,313,Credit Card,7/16/2024,16043.47,Closed
1419,228,Savings,7/25/2017,11514.52,Active
1420,834,Checking,5/11/2023,24964.45,Active
1421,858,Credit Card,5/20/2022,12038.37,Closed
1422,245,Checking,7/10/2015,14769.19,Closed
1423,818,Checking,6/19/2020,5939.99,Active
1424,526,Savings,7/21/2017,-8032.74,Active
1425,528,Checking,5/22/2015,13546.6,Active
1426,950,Credit Card,3/7/2020,12240.52,Active
1427,427,Checking,8/11/2023,32099.09,Active
1428,42,Checking,11/27/2022,21674.46,Active
1429,465,Checking,11/13/2023,10868.79,Active
1430,622,Loan,1/24/2021,16416.63,Active
1431,278,Savings,7/19/2016,24070.18,Active
1432,836,Checking,7/6/2018,20167.55,Closed
1433,19,Checking,1/2/2019,31689.06,Active
1434,66,Checking,2/8/2018,7106.04,Closed
1435,167,Savings,1/13/2017,24750.34,Closed
1436,585,Checking,11/3/2016,10771.28,Active
1437,403,Savings,12/21/2022,16936.16,Active
1438,912,Savings,11/26/2022,9423.23,Active
1439,822,Credit Card,6/14/2016,13579.92,Active
1440,409,Savings,8/6/2018,17115.62,Closed
1441,112,Savings,4/10/2023,20932.54,Active
1442,274,Checking,7/15/2016,15613.57,Active
1443,407,Credit Card,3/14/2019,-9861.5,Active
1444,373,Credit Card,1/31/2021,14230.51,Active
1445,597,Checking,10/29/2015,29704.01,Active
1446,651,Loan,7/4/2015,14151.28,Active
1447,39,Checking,5/3/2024,29984.82,Active
1448,105,Checking,5/24/2016,13798.03,Active
1449,324,Checking,11/6/2022,-719.81,Closed
1450,793,Loan,8/26/2018,10670.45,Active
1451,959,Savings,10/18/2024,9415.66,Active
1452,992,Credit Card,10/1/2018,12704.67,Active
1453,414,Checking,8/19/2023,3146.82,Active
1454,429,Savings,6/7/2024,14911.79,Active
1455,635,Checking,1/12/2021,11717.4,Active
1456,730,Credit Card,10/5/2022,27878.62,Active
1457,889,Checking,3/5/2017,2897.63,Active
1458,61,Checking,10/15/2021,17456.69,Active
1459,612,Checking,3/4/2019,19110.28,Active
1460,307,Credit Card,1/30/2017,22749.81,Active
1461,354,Savings,1/3/2021,11364.12,Active
1462,393,Savings,12/3/2021,17208.01,Active
1463,204,Savings,3/10/2016,18532.78,Active
1464,258,Loan,3/23/2019,-1483.64,Active
1465,486,Credit Card,7/31/2020,11722.99,Active
1466,517,Credit Card,9/3/2019,14673.35,Closed
1467,446,Checking,3/10/2015,15845.78,Active
1468,709,Checking,6/18/2019,15723.39,Active
1469,180,Loan,3/19/2020,19375.21,Active
1470,342,Savings,1/1/2023,34376.05,Active
1471,133,Checking,2/11/2021,9045.71,Active
1472,443,Savings,1/30/2023,18811.72,Active
1473,836,Loan,6/22/2022,28013.03,Active
1474,253,Checking,3/1/2021,-2986.39,Active
1475,265,Savings,7/7/2016,17681.31,Active
1476,93,Credit Card,8/22/2020,-1803.79,Active
1477,662,Savings,6/6/2022,36855.78,Active
1478,411,Checking,7/21/2018,20220.51,Active
1479,138,Loan,3/23/2024,18870.91,Active
1480,208,Loan,9/29/2020,-3733.74,Active
1481,637,Credit Card,5/14/2016,9955.08,Active
1482,746,Savings,8/13/2021,10002.04,Active
1483,573,Checking,8/3/2022,32664.56,Active
1484,307,Loan,8/1/2021,22292.01,Active
1485,266,Checking,6/2/2023,-1529.27,Active
1486,646,Credit Card,2/8/2024,19695.02,Active
1487,318,Loan,9/16/2024,-29.04,Active
1488,113,Savings,12/4/2022,-1293.33,Active
1489,901,Credit Card,3/10/2019,19534.22,Active
1490,378,Credit Card,4/22/2021,22447.69,Active
1491,454,Checking,10/27/2023,19587.54,Closed
1492,191,Savings,2/20/2019,33795.83,Active
1493,891,Checking,10/6/2015,18687.53,Active
1494,440,Savings,12/18/2017,16700.94,Active
1495,187,Checking,3/21/2016,2839.91,Active
1496,831,Savings,11/30/2020,23576.14,Active
1497,367,Credit Card,4/15/2017,-1514.44,Active
1498,89,Loan,1/24/2017,35203.69,Suspended
1499,187,Checking,1/20/2020,23707.98,Active
1500,819,Savings,5/12/2019,42897.97,Active
