customer_id,first_name,last_name,gender,date_of_birth,city,state,join_date,income,credit_score
1,Robert,Miller,M,6/24/1991,Miami,MI,5/25/2019,72701.44,800
2,Rachel,Moore,F,4/8/1983,Los Angeles,FL,7/8/2022,45445.29,432
3,Andrew,Johnson,F,9/1/1969,Charlotte,NC,9/6/2023,82261.18,613
4,Matthew,Taylor,F,8/29/1977,Atlanta,IL,8/16/2016,52771.91,520
5,Jessica,Hernandez,F,9/22/2004,Houston,GA,1/12/2023,51682.05,737
6,Robert,Lopez,F,9/9/1996,Atlanta,NC,12/9/2022,47230.3,345
7,Joshua,Jackson,F,7/7/1953,Cleveland,MI,4/30/2018,68336.63,491
8,Matthew,Miller,F,7/12/1952,Philadelphia,IL,11/21/2015,94234.49,819
9,Matthew,Martin,M,1/30/1953,Los Angeles,PA,9/5/2017,50692.79,678
10,Emily,Garcia,M,3/10/1954,Cleveland,CA,10/16/2019,103571.52,633
11,Jessica,Smith,M,2/7/1973,Detroit,OH,1/25/2020,88196.2,338
12,Michael,Taylor,M,3/25/1994,Cleveland,FL,3/23/2023,40707.96,592
13,Jane,Hernandez,M,12/1/1971,Charlotte,TX,1/30/2019,62344.5,461
14,Amanda,Moore,M,9/13/1976,Los Angeles,IL,6/12/2017,49194.99,630
15,Sarah,Taylor,M,1/1/1979,Houston,NY,10/22/2018,83299.11,403
16,Jane,Miller,F,7/31/1960,Charlotte,PA,4/12/2024,50236.73,460
17,John,Taylor,F,8/15/1950,Charlotte,GA,5/24/2015,37577.61,353
18,Amanda,Martin,F,3/3/1991,Philadelphia,OH,1/19/2016,63485.48,333
19,Amanda,Rodriguez,F,2/21/1982,Philadelphia,NY,3/13/2021,93387.88,541
20,Christopher,Taylor,M,8/1/1995,Miami,GA,5/25/2024,66149.68,412
21,Laura,Martin,M,4/1/1976,Miami,TX,6/29/2021,77968.88,617
22,Jennifer,Davis,F,3/3/1982,Chicago,MI,6/14/2023,78744.62,322
23,Andrew,Taylor,F,10/8/1951,New York,NC,8/5/2015,39754.49,417
24,Andrew,Miller,M,8/17/1994,Los Angeles,FL,2/24/2019,52012.52,511
25,Joshua,Smith,F,1/17/2003,Los Angeles,CA,3/18/2023,70129.28,717
26,Amanda,Gonzalez,F,6/11/1987,Cleveland,GA,11/27/2024,58852.9,412
27,Rachel,Jackson,F,9/18/2001,Los Angeles,OH,2/8/2021,104089.09,343
28,Michael,Jackson,F,1/8/1980,Los Angeles,IL,5/6/2021,45433.55,427
29,David,Taylor,M,1/17/1994,New York,MI,3/12/2023,51814.8,457
30,Joshua,Gonzalez,F,1/24/1987,Detroit,IL,1/30/2019,75810.89,693
31,Robert,Thomas,F,5/1/1986,Miami,OH,12/27/2022,57442.13,811
32,Daniel,Davis,M,8/4/1975,Miami,IL,6/24/2019,12163.35,344
33,Robert,Jackson,M,8/11/1951,Houston,GA,10/30/2024,108693.62,407
34,Megan,Moore,F,12/11/1984,Los Angeles,PA,11/22/2024,48513.89,518
35,Emily,Smith,M,2/16/1975,New York,IL,11/19/2021,81217.85,742
36,Ashley,Wilson,F,3/3/1961,Miami,NC,6/10/2021,44932.18,614
37,Megan,Jackson,F,3/3/1959,New York,TX,3/13/2018,52739.3,476
38,Daniel,Anderson,M,7/22/1999,Atlanta,CA,4/21/2015,37541.34,527
39,Jane,Moore,F,7/13/1979,Detroit,GA,10/10/2017,55176.13,566
40,Rachel,Johnson,F,10/3/1983,Los Angeles,NY,8/20/2015,57114.36,678
41,Andrew,Taylor,F,8/30/1967,Houston,OH,9/11/2019,67348.69,788
42,Robert,Moore,F,3/23/1986,Cleveland,MI,10/22/2019,62548.62,589
43,Amanda,Garcia,M,11/16/1964,Miami,GA,10/11/2024,41169.6,656
44,Jessica,Jackson,M,1/3/1953,Atlanta,PA,3/27/2022,59522,503
45,Andrew,Brown,F,6/6/1969,New York,MI,4/27/2019,98940.21,512
46,Michael,Smith,M,3/24/2001,Philadelphia,NC,7/20/2018,96567.81,622
47,Ashley,Davis,F,4/27/1981,Charlotte,OH,1/29/2021,79113.74,480
48,Christopher,Miller,F,11/18/1974,Los Angeles,MI,8/30/2017,83261.98,798
49,Emily,Williams,F,11/12/1993,Los Angeles,IL,10/27/2017,111216.46,619
50,Megan,Martinez,F,7/27/1967,Atlanta,GA,11/1/2023,81424.95,382
51,Jessica,Martinez,F,2/10/1969,New York,TX,11/2/2024,82883.8,602
52,Emily,Jackson,M,6/11/1999,Chicago,OH,2/6/2022,38708.34,561
53,Jane,Wilson,F,5/24/1980,Los Angeles,FL,2/8/2022,47747.39,499
54,Sarah,Johnson,M,10/8/1971,Chicago,NC,6/1/2016,69346.19,539
55,Laura,Smith,M,12/23/1974,Philadelphia,CA,7/2/2017,53851.16,594
56,Emily,Moore,F,6/7/1984,Atlanta,OH,3/12/2021,50040.89,811
57,Megan,Miller,F,12/25/1952,New York,PA,12/21/2020,52350.82,695
58,Amanda,Davis,F,7/15/1962,New York,GA,5/21/2021,41528.59,437
59,Jane,Smith,F,12/28/1974,Detroit,IL,10/3/2023,54172.31,428
60,Laura,Williams,F,9/18/1978,Charlotte,CA,4/28/2020,76788.71,348
61,Emily,Davis,M,6/5/1950,Miami,CA,1/2/2019,105926.48,592
62,Ashley,Anderson,F,5/13/1955,Miami,NC,2/16/2020,85939.64,835
63,Jennifer,Jones,F,4/12/1979,Cleveland,MI,6/26/2022,82723.11,610
64,Andrew,Williams,M,5/16/1967,Houston,PA,10/29/2023,37529.33,836
65,Jessica,Jackson,M,10/28/1965,Atlanta,MI,7/6/2021,72385.93,533
66,Ashley,Smith,F,6/27/1960,Philadelphia,IL,11/18/2024,68660.8,508
67,Jessica,Anderson,M,10/8/1974,New York,CA,6/16/2024,75814.82,393
68,Jennifer,Davis,F,10/25/1976,Charlotte,PA,9/22/2023,62786.25,626
69,James,Johnson,M,3/18/1951,Chicago,PA,1/20/2023,103241.53,524
70,Megan,Williams,M,8/22/1989,Atlanta,NY,9/23/2024,71055.51,310
71,Andrew,Wilson,F,9/3/1962,Cleveland,GA,7/31/2018,73004.47,628
72,James,Wilson,M,6/11/1967,Atlanta,CA,6/17/2017,30751.2,311
73,Daniel,Hernandez,M,2/2/1976,Cleveland,CA,1/3/2018,67866.49,334
74,Andrew,Thomas,M,6/15/1997,New York,PA,4/4/2018,92985.19,746
75,James,Brown,M,8/31/1981,Houston,MI,4/27/2018,81111.51,751
76,John,Martin,M,5/24/1972,Cleveland,CA,10/26/2020,26888.18,519
77,Robert,Jones,M,11/4/1993,New York,PA,3/14/2023,61006.5,740
78,Daniel,Wilson,F,2/12/1996,New York,CA,11/18/2016,104637.99,834
79,John,Thomas,F,1/28/1951,Houston,PA,8/30/2020,66987.19,528
80,Amanda,Moore,M,3/19/1983,Miami,NY,7/19/2016,76448.32,643
81,Jessica,Miller,F,10/2/1999,Atlanta,GA,4/22/2018,102380.19,379
82,Matthew,Martinez,F,8/11/1978,Los Angeles,PA,3/9/2020,66907.72,652
83,Joshua,Miller,F,12/22/1997,Los Angeles,CA,1/7/2024,85820.6,695
84,Christopher,Smith,M,4/24/1970,Chicago,IL,4/6/2017,78227.92,589
85,Jessica,Jackson,F,9/20/1956,Chicago,GA,9/13/2018,82502.98,754
86,Michael,Thomas,M,8/18/1998,Los Angeles,NY,2/4/2021,77584.31,427
87,Michael,Jackson,F,9/6/1991,Philadelphia,PA,12/17/2019,59047.4,842
88,John,Brown,M,5/7/1968,Los Angeles,IL,9/19/2023,61044.05,658
89,David,Moore,M,2/10/1957,Chicago,PA,12/18/2017,52908.48,826
90,Laura,Johnson,F,5/22/1950,Charlotte,MI,9/12/2018,37205.82,612
91,Robert,Smith,F,4/13/1957,Chicago,CA,1/31/2023,94890.6,374
92,Daniel,Anderson,M,9/23/1974,Philadelphia,OH,7/3/2019,70201.66,845
93,Robert,Jones,F,3/4/1991,Atlanta,NC,6/9/2022,93883.2,495
94,Daniel,Martin,F,4/1/1988,Los Angeles,TX,7/10/2015,101307.45,328
95,Jessica,Hernandez,F,7/2/1965,Houston,MI,5/8/2018,71068.35,315
96,Amanda,Martinez,M,10/26/1966,Charlotte,IL,8/28/2018,43730.22,722
97,Jane,Johnson,M,2/26/1983,New York,MI,12/8/2016,66076.24,704
98,John,Williams,F,1/22/1974,Philadelphia,FL,7/4/2023,56577.13,830
99,Jennifer,Lopez,F,8/23/1977,Chicago,PA,1/14/2016,30396.99,376
100,David,Martin,F,3/13/1973,Houston,PA,1/22/2016,59965.42,528
101,Michael,Jones,M,1/7/1996,Cleveland,TX,4/3/2021,68569.26,596
102,Amanda,Jones,M,8/20/1961,Miami,TX,9/7/2016,57133.51,809
103,Jessica,Garcia,F,12/6/1990,Los Angeles,FL,3/23/2019,54569.1,837
104,Michael,Rodriguez,F,10/17/1954,Miami,CA,5/19/2021,44449.28,625
105,John,Johnson,F,3/30/2000,Philadelphia,NC,8/10/2020,73918.44,662
106,Michael,Lopez,F,3/12/1961,Cleveland,OH,10/21/2019,107385.39,658
107,David,Williams,F,11/4/1991,Cleveland,OH,4/8/2016,95572.48,623
108,Andrew,Martin,F,12/4/2002,Cleveland,NY,1/15/2024,83072.54,625
109,Ashley,Lopez,M,5/25/1976,New York,NY,8/24/2017,83508.18,464
110,Michael,Taylor,F,11/24/1963,Philadelphia,CA,6/21/2015,67347.14,754
111,John,Martinez,M,7/5/1978,Atlanta,NY,8/25/2023,33909.74,452
112,David,Wilson,F,12/12/1992,Miami,NY,12/3/2024,62611.37,426
113,Ashley,Taylor,F,10/18/1969,Atlanta,FL,2/20/2018,50614.45,492
114,Robert,Moore,M,4/2/1992,Houston,FL,4/22/2017,73093.93,829
115,Daniel,Jackson,M,2/15/1980,Detroit,NY,8/14/2018,94664.29,309
116,Andrew,Taylor,M,3/9/1988,Charlotte,MI,3/23/2020,109468.19,391
117,Andrew,Wilson,M,6/22/1987,Charlotte,GA,11/20/2016,71292.42,438
118,Laura,Rodriguez,F,1/19/1999,Atlanta,GA,3/7/2022,36656.87,780
119,James,Davis,M,10/18/1985,Detroit,CA,2/16/2019,71253.52,748
120,Joshua,Johnson,F,1/17/2003,Detroit,OH,1/21/2021,71797.12,632
121,Robert,Gonzalez,M,4/21/1962,Los Angeles,TX,7/17/2020,83576.88,639
122,Christopher,Miller,F,5/31/1997,Houston,CA,9/19/2019,69616.09,351
123,Rachel,Rodriguez,F,12/31/1953,Philadelphia,NY,1/18/2016,71330.37,765
124,Emily,Hernandez,F,9/18/1988,Detroit,FL,3/6/2021,57358.78,774
125,David,Wilson,F,4/25/2002,Chicago,PA,8/4/2024,63761.96,700
126,Robert,Brown,F,4/23/1979,Charlotte,MI,11/13/2018,80264.65,738
127,James,Gonzalez,F,8/22/1995,Chicago,IL,5/3/2019,29830.33,808
128,Andrew,Johnson,M,8/1/1995,Houston,FL,3/21/2021,63654.23,452
129,Matthew,Jones,F,8/30/1968,Detroit,GA,8/12/2020,83758,813
130,Emily,Hernandez,M,11/13/1981,Miami,FL,1/7/2016,102814.58,802
131,James,Garcia,M,6/29/1989,Charlotte,MI,9/7/2019,62033.27,305
132,Robert,Moore,F,3/27/1988,Los Angeles,TX,1/9/2019,93707.4,799
133,Joshua,Martinez,M,9/7/1999,Los Angeles,NY,9/2/2016,103800.48,417
134,Jane,Brown,F,10/10/1980,Cleveland,PA,4/26/2015,62292.35,784
135,Laura,Rodriguez,M,2/10/1950,New York,GA,2/24/2024,58835.83,767
136,James,Garcia,F,12/15/1965,Detroit,GA,3/22/2016,66358.51,460
137,Sarah,Johnson,M,8/12/1972,Houston,NC,10/23/2018,68360.96,569
138,Amanda,Taylor,F,7/24/1997,Charlotte,OH,2/7/2024,91816.45,355
139,Amanda,Jones,F,8/28/1990,New York,TX,9/2/2018,54525.5,527
140,Rachel,Garcia,F,6/11/1994,Houston,GA,2/19/2016,100761.31,448
141,Matthew,Lopez,F,5/15/1971,Atlanta,OH,9/2/2023,53984.85,345
142,Robert,Martinez,M,8/13/2003,Detroit,GA,12/14/2019,44711.5,443
143,John,Garcia,F,9/18/1964,Philadelphia,NY,1/18/2023,80475.54,639
144,John,Davis,M,11/29/1956,Philadelphia,OH,11/13/2017,94611.21,712
145,Rachel,Johnson,M,5/27/1975,Detroit,MI,6/3/2022,73573.11,819
146,James,Lopez,M,8/24/2001,Cleveland,NC,2/17/2020,78701.69,643
147,Daniel,Gonzalez,F,1/24/1977,Cleveland,NY,12/9/2017,109085.94,686
148,Michael,Miller,M,2/18/1952,Philadelphia,MI,10/13/2024,94893.06,772
149,Robert,Martinez,M,2/1/1954,Miami,PA,12/18/2016,70618.51,574
150,Sarah,Gonzalez,M,8/31/1996,Charlotte,TX,10/9/2024,61377.06,652
151,Jessica,Taylor,F,7/20/1998,Philadelphia,TX,9/20/2018,91901.18,365
152,Daniel,Wilson,F,4/12/1987,Miami,IL,8/17/2023,86585.68,378
153,David,Johnson,M,3/21/1983,New York,IL,5/25/2019,78371.53,501
154,John,Hernandez,F,11/13/1977,Miami,OH,6/26/2023,63459.73,412
155,Joshua,Smith,F,7/1/1971,New York,TX,5/7/2021,68472.21,390
156,Laura,Jackson,M,8/6/1994,Houston,OH,7/15/2016,67049.61,440
157,Amanda,Brown,M,8/5/1969,Chicago,IL,10/22/2022,63792.62,588
158,Andrew,Jackson,F,8/7/1955,Houston,PA,4/13/2021,57977.04,710
159,Daniel,Hernandez,M,3/5/1970,Philadelphia,GA,1/22/2016,75303.97,676
160,Rachel,Davis,F,6/26/2004,New York,MI,12/2/2016,57073.69,683
161,Christopher,Hernandez,F,5/2/1987,Philadelphia,FL,2/19/2022,73547.58,451
162,Christopher,Brown,F,2/7/1975,Detroit,OH,8/30/2017,28002.54,618
163,Rachel,Taylor,F,11/6/1996,Charlotte,PA,10/16/2018,58002.52,668
164,Amanda,Miller,F,1/6/1981,Los Angeles,MI,9/10/2017,91966.58,761
165,Robert,Davis,F,6/20/1986,Philadelphia,TX,2/20/2019,51991.42,311
166,Jane,Williams,M,12/9/1950,Charlotte,GA,12/18/2015,81842.04,455
167,Michael,Johnson,M,12/18/1953,Miami,MI,9/21/2019,53654.32,776
168,Christopher,Anderson,F,1/8/1968,Houston,NC,5/5/2020,85515.71,700
169,David,Jones,F,6/13/1982,Miami,IL,7/3/2018,64057.82,476
170,Christopher,Smith,F,4/19/1967,Los Angeles,MI,1/7/2024,63267.07,640
171,Christopher,Brown,M,4/19/1996,New York,FL,3/22/2020,71087.03,356
172,Christopher,Anderson,F,8/15/1977,Detroit,PA,1/22/2017,43131.46,747
173,Jane,Martin,M,6/12/1985,Charlotte,GA,9/29/2022,89441.82,502
174,Jane,Jackson,F,12/20/1995,Detroit,NY,10/21/2017,96068.67,501
175,David,Williams,F,11/19/1989,Chicago,MI,6/29/2016,62799.37,629
176,John,Martin,M,9/16/1990,Philadelphia,CA,1/9/2019,80484.08,662
177,John,Hernandez,M,9/26/1976,New York,FL,3/20/2015,85578.21,753
178,Joshua,Taylor,F,2/18/1984,Chicago,FL,6/13/2018,68174.85,655
179,Jane,Gonzalez,F,11/30/1999,Atlanta,CA,7/9/2021,47835.06,515
180,Amanda,Hernandez,F,11/27/1998,Philadelphia,NC,6/7/2017,101881.64,322
181,Sarah,Johnson,M,12/27/1978,Miami,NY,5/13/2024,62149.57,454
182,Emily,Rodriguez,M,2/11/1952,Houston,IL,9/5/2023,57817.3,485
183,Matthew,Johnson,M,8/18/1994,Charlotte,PA,1/10/2018,102775.84,548
184,Christopher,Rodriguez,M,1/5/1974,Los Angeles,GA,12/24/2021,82201.18,433
185,Sarah,Rodriguez,M,5/16/1980,Los Angeles,PA,6/13/2020,75148.6,620
186,David,Davis,M,10/17/1987,Miami,NY,2/9/2019,50584.79,689
187,Rachel,Taylor,F,7/13/1950,Cleveland,PA,9/13/2022,86056.08,733
188,Jane,Smith,F,7/1/1955,Los Angeles,CA,7/9/2017,127930.37,321
189,Sarah,Hernandez,M,2/7/1998,Charlotte,FL,7/3/2016,87610.15,424
190,Matthew,Davis,F,5/31/2001,Miami,PA,8/23/2020,79921.77,378
191,Jennifer,Martinez,F,8/21/1980,New York,OH,1/27/2016,84421.86,350
192,Jennifer,Miller,M,5/3/1977,Los Angeles,MI,5/11/2024,63437.69,475
193,John,Williams,F,6/21/1975,Detroit,NY,6/15/2021,63246.99,552
194,Daniel,Williams,M,5/5/1970,Miami,NC,8/30/2021,62991.09,545
195,Sarah,Moore,M,3/11/1956,Charlotte,OH,12/25/2023,58501,405
196,Jennifer,Jones,F,5/22/1968,Detroit,CA,10/12/2018,62951.1,492
197,Michael,Lopez,M,6/5/1974,Philadelphia,TX,8/31/2017,62857.86,615
198,Rachel,Lopez,M,12/27/1961,Philadelphia,CA,12/18/2024,65106.31,601
199,Emily,Jackson,M,5/26/1971,Los Angeles,NC,9/1/2023,64546.44,847
200,Joshua,Garcia,M,9/22/1987,Detroit,NC,8/31/2023,74860.24,567
201,Michael,Johnson,M,4/22/2004,Houston,OH,12/6/2015,71575.86,469
202,Joshua,Lopez,M,11/6/1984,Philadelphia,MI,3/29/2022,73347.25,850
203,Rachel,Jackson,M,4/16/1978,Houston,NY,8/17/2024,100445.95,754
204,Robert,Jones,M,12/6/1976,New York,IL,1/26/2017,71534.68,591
205,Rachel,Lopez,F,9/1/1957,Miami,FL,11/11/2017,114217.82,440
206,Daniel,Taylor,F,10/25/1972,Chicago,OH,5/27/2021,77053.79,445
207,John,Taylor,F,10/24/1964,Charlotte,NC,9/26/2024,61054.81,724
208,Jessica,Martinez,M,11/4/1998,Miami,TX,6/11/2021,96991.66,613
209,Robert,Taylor,M,11/26/1965,Charlotte,GA,5/5/2022,68409.45,483
210,Megan,Anderson,F,8/10/1968,Detroit,NC,10/5/2023,22126.32,427
211,Jessica,Lopez,F,3/3/1978,New York,MI,4/26/2022,69919.94,586
212,John,Thomas,F,6/27/1998,Atlanta,MI,7/27/2017,65016.48,552
213,Matthew,Jackson,M,1/12/1998,Los Angeles,NC,2/27/2024,102130.95,685
214,Megan,Davis,F,9/25/1962,Charlotte,MI,4/27/2017,52048.67,529
215,Laura,Taylor,F,8/28/1963,Charlotte,OH,3/17/2016,63346.9,570
216,Michael,Jones,M,8/14/1991,Detroit,NC,12/25/2021,95352.79,714
217,Robert,Thomas,F,11/11/1962,Houston,NC,5/10/2015,77888.17,497
218,Jennifer,Garcia,M,10/16/1995,Miami,NY,10/9/2023,66570.86,622
219,Jennifer,Davis,M,6/25/1960,Atlanta,FL,8/19/2016,54870.29,355
220,Rachel,Moore,M,3/31/2000,Cleveland,TX,5/12/2020,77034.91,502
221,Christopher,Lopez,F,10/13/1996,Los Angeles,MI,2/14/2019,69413.98,437
222,Jane,Anderson,F,7/6/1984,Chicago,NY,5/11/2017,54643.41,721
223,John,Rodriguez,M,1/4/1965,Cleveland,IL,6/23/2024,55683.07,356
224,Jennifer,Gonzalez,F,10/15/1999,Miami,IL,3/25/2022,53710.56,370
225,Amanda,Anderson,F,12/16/1964,Los Angeles,PA,9/25/2017,50148.89,671
226,David,Martinez,F,12/13/1987,Charlotte,OH,6/30/2021,88680.68,813
227,David,Thomas,F,6/14/1963,Chicago,OH,8/7/2023,85987.87,383
228,Daniel,Miller,M,9/23/1962,Houston,CA,10/31/2021,88713.49,342
229,Daniel,Taylor,F,5/5/1952,Atlanta,TX,4/1/2019,70089.99,432
230,Michael,Miller,M,11/6/1957,Houston,NC,11/6/2022,65147.42,694
231,Joshua,Wilson,M,5/27/1982,New York,MI,6/29/2019,65512.36,364
232,Jennifer,Anderson,F,8/12/1994,Detroit,TX,11/11/2023,90422.03,589
233,Jennifer,Miller,M,5/11/1995,Los Angeles,PA,2/20/2019,33597.04,675
234,Michael,Rodriguez,F,7/10/1958,Houston,CA,10/3/2019,59710.28,766
235,Rachel,Jackson,F,4/20/1962,Cleveland,NY,7/19/2022,52253.09,512
236,John,Thomas,M,5/20/1991,Detroit,TX,12/20/2018,97197.75,447
237,Rachel,Davis,M,2/26/1954,Houston,NY,2/1/2020,60450.85,770
238,Matthew,Moore,M,11/9/1993,Philadelphia,IL,9/22/2015,37280.22,448
239,Christopher,Moore,M,7/28/1998,New York,MI,4/13/2022,74468.47,387
240,Jessica,Martin,F,4/19/1981,Miami,PA,5/6/2024,62597.72,623
241,Emily,Miller,F,6/24/1972,Atlanta,NC,11/19/2022,58861.42,695
242,Sarah,Williams,F,9/30/1981,New York,MI,3/3/2024,56799.36,703
243,Jessica,Moore,M,3/29/1985,Detroit,FL,6/14/2022,56010.3,381
244,Rachel,Martinez,M,11/21/1984,Philadelphia,OH,1/2/2019,84171.21,585
245,Michael,Miller,M,7/13/1975,Los Angeles,PA,6/6/2015,74475.75,681
246,Jennifer,Taylor,F,7/28/1981,Cleveland,TX,12/16/2018,66040.68,569
247,Michael,Wilson,M,1/15/1968,Atlanta,MI,4/17/2021,48035.22,591
248,Megan,Williams,F,1/25/1959,Atlanta,GA,1/4/2023,66622.13,752
249,Ashley,Lopez,M,9/14/1952,New York,OH,6/21/2019,75212.56,323
250,Megan,Gonzalez,F,2/4/1959,Detroit,OH,1/21/2022,75973.09,610
251,Jane,Johnson,F,4/17/1993,Los Angeles,GA,7/2/2021,73217.69,760
252,Michael,Williams,M,8/21/1962,Charlotte,CA,3/28/2023,51548.15,507
253,Jennifer,Jones,M,6/21/1992,Philadelphia,CA,6/13/2017,21936.47,737
254,Daniel,Hernandez,F,12/29/1985,Charlotte,GA,11/14/2020,105992.38,837
255,Emily,Davis,F,5/21/1987,Cleveland,FL,5/27/2016,43807.26,635
256,John,Lopez,M,5/11/1958,Los Angeles,IL,8/4/2015,30700.84,721
257,Emily,Miller,M,12/28/1951,Los Angeles,GA,10/9/2023,72610.31,620
258,John,Anderson,F,4/18/1960,Philadelphia,IL,2/14/2024,35829.63,796
259,Ashley,Taylor,M,2/19/1955,Chicago,MI,12/12/2020,53904.03,462
260,Jennifer,Brown,F,3/31/1988,Charlotte,FL,8/20/2023,80977.01,840
261,Rachel,Gonzalez,F,1/16/1961,Houston,PA,3/8/2024,105453.75,464
262,Jessica,Moore,M,11/26/1964,Atlanta,IL,9/3/2019,77750.24,594
263,Robert,Smith,M,7/26/1997,Chicago,OH,10/7/2020,61216.81,341
264,Michael,Thomas,M,4/2/1960,Houston,MI,4/17/2019,68971.61,584
265,Christopher,Gonzalez,M,6/25/1996,Detroit,OH,1/17/2021,33828.28,686
266,John,Martinez,M,11/10/1954,Philadelphia,FL,5/20/2021,60984.96,437
267,Jennifer,Lopez,F,3/1/1979,Detroit,IL,11/23/2020,61004.37,486
268,Amanda,Johnson,F,7/24/1952,Atlanta,NY,2/2/2018,73066.57,730
269,Joshua,Williams,M,9/4/1986,Miami,FL,8/11/2024,108843.79,715
270,Ashley,Martinez,M,6/5/1960,Houston,FL,8/16/2015,31264.09,725
271,Sarah,Johnson,M,10/7/1995,Chicago,NY,6/23/2021,61846.45,715
272,Sarah,Gonzalez,F,11/15/1981,Houston,MI,1/27/2019,33329.81,325
273,James,Gonzalez,M,4/4/2002,Houston,IL,3/12/2017,59932.72,670
274,Joshua,Moore,M,5/12/1989,Philadelphia,IL,6/11/2019,52707.96,684
275,Jessica,Williams,F,2/15/1966,Detroit,OH,3/20/2020,40113.07,355
276,Jane,Miller,F,11/3/1963,Charlotte,FL,12/31/2022,88261.84,552
277,John,Wilson,M,8/4/1960,Miami,FL,4/16/2016,75112.95,405
278,Andrew,Martin,M,5/30/1995,Philadelphia,NC,12/15/2017,85917.11,429
279,John,Taylor,M,9/11/2001,Cleveland,PA,4/26/2022,59366.92,675
280,David,Lopez,F,1/17/1955,Philadelphia,FL,8/22/2020,68585.67,607
281,Jennifer,Thomas,M,7/16/1977,Atlanta,TX,8/12/2024,101892.81,390
282,Joshua,Lopez,M,12/2/1974,Miami,PA,11/7/2017,69945.6,692
283,Emily,Anderson,M,3/20/1984,Los Angeles,TX,7/4/2022,86159.13,833
284,Michael,Martinez,F,10/3/1962,Cleveland,IL,4/9/2023,57650.87,409
285,Christopher,Miller,F,2/28/1981,New York,PA,11/30/2020,84320.35,639
286,Christopher,Martin,M,8/28/1970,Philadelphia,FL,8/17/2015,59021.61,655
287,Amanda,Jones,M,2/18/1971,Houston,NY,6/20/2015,32071.55,467
288,Ashley,Smith,F,12/4/1987,Charlotte,OH,10/22/2015,69848.34,751
289,Sarah,Taylor,F,12/19/1996,Los Angeles,TX,7/8/2015,60593.94,404
290,Michael,Williams,F,7/1/2003,Philadelphia,PA,3/1/2016,37504.37,449
291,Daniel,Gonzalez,F,3/31/1982,Philadelphia,FL,9/3/2017,73829.86,445
292,David,Wilson,F,6/17/1954,Chicago,PA,1/7/2018,52129.47,598
293,Christopher,Moore,F,1/22/1951,Chicago,FL,5/29/2022,131852.83,466
294,Ashley,Brown,F,7/7/1966,Los Angeles,FL,7/7/2017,40711.16,347
295,Michael,Moore,F,8/19/1967,Detroit,FL,11/28/2023,45741.5,538
296,John,Jones,F,9/1/1986,Chicago,NC,5/13/2016,87391.02,306
297,Rachel,Thomas,M,8/11/2001,Houston,OH,12/27/2019,67339.56,763
298,John,Smith,M,4/1/1956,Cleveland,NY,9/10/2022,86984.05,752
299,Michael,Wilson,M,1/31/1955,New York,NY,5/15/2017,77607.82,670
300,Megan,Anderson,F,11/26/1992,Miami,PA,4/5/2017,58353.86,848
301,Laura,Rodriguez,M,6/22/1955,New York,PA,2/2/2020,42418.15,786
302,Michael,Anderson,F,12/29/1964,New York,FL,10/19/2020,91421.66,510
303,Jessica,Taylor,F,10/25/1975,Miami,NC,4/14/2021,44231,464
304,Ashley,Brown,M,10/14/1962,Chicago,FL,5/26/2015,81178.12,424
305,Megan,Lopez,F,10/11/1983,Los Angeles,NC,6/30/2019,88379.98,636
306,Andrew,Jones,M,7/31/1975,Miami,FL,8/12/2018,67461.64,491
307,Jane,Jones,M,5/5/1969,Atlanta,TX,3/14/2022,63917.05,513
308,Laura,Hernandez,M,5/22/1970,Detroit,TX,4/14/2016,50325.48,627
309,Jane,Garcia,F,10/11/1998,Cleveland,IL,10/17/2024,79254.85,680
310,Christopher,Miller,M,5/26/1965,Charlotte,FL,7/12/2015,9081.42,538
311,Jessica,Wilson,F,6/6/1970,Chicago,OH,12/27/2017,84314.53,831
312,John,Hernandez,M,12/25/1954,Detroit,IL,12/16/2021,72389.53,381
313,Daniel,Gonzalez,M,10/17/1978,Miami,PA,2/21/2015,65543.69,662
314,Matthew,Johnson,M,8/24/1987,Atlanta,MI,1/8/2023,74846.05,804
315,Jennifer,Miller,F,12/14/1997,Charlotte,FL,8/7/2021,42528.87,501
316,Robert,Martin,F,4/12/1957,Cleveland,TX,12/26/2019,21740.15,803
317,Laura,Brown,F,8/2/1959,Cleveland,MI,2/12/2023,79371.5,336
318,Michael,Davis,M,10/22/1955,Chicago,NC,11/26/2021,96330.92,701
319,Megan,Martin,M,1/3/1961,Miami,MI,2/13/2020,35211.96,475
320,James,Jackson,F,12/18/1977,Detroit,OH,1/12/2022,48950.4,844
321,Robert,Gonzalez,F,12/4/1958,Los Angeles,FL,11/22/2019,85046.5,766
322,Emily,Wilson,F,8/8/1977,Detroit,NY,12/25/2018,77177.8,500
323,James,Martinez,F,12/29/1954,Detroit,MI,2/11/2020,129262.17,839
324,Rachel,Hernandez,F,11/23/1998,Cleveland,NY,3/23/2024,91513.15,846
325,John,Johnson,F,12/30/2000,Los Angeles,NC,8/7/2024,86708.49,693
326,Jessica,Rodriguez,M,11/15/1986,Los Angeles,IL,7/1/2022,54724.23,341
327,Ashley,Taylor,F,9/27/2003,Chicago,NY,12/14/2023,80496.12,692
328,Jennifer,Williams,M,2/20/1969,Charlotte,IL,10/5/2023,99908.27,740
329,Ashley,Garcia,M,8/1/1958,Philadelphia,TX,1/23/2022,66712.18,805
330,Amanda,Jones,F,7/11/2000,New York,FL,6/30/2020,67655.71,619
331,Joshua,Jones,F,11/4/1995,New York,MI,12/5/2018,72827.07,514
332,Andrew,Anderson,M,4/4/1992,Cleveland,TX,4/19/2017,56710.03,370
333,Jane,Taylor,F,2/2/1991,Philadelphia,TX,8/3/2023,75379.27,535
334,Jane,Rodriguez,F,1/7/1978,Charlotte,GA,8/29/2015,74879.44,580
335,Joshua,Williams,M,11/4/1994,Philadelphia,CA,6/2/2024,99599.73,461
336,Christopher,Martin,M,2/15/1953,Chicago,OH,6/19/2016,66212.15,490
337,Rachel,Taylor,M,5/3/1999,Detroit,IL,11/8/2018,83494.57,308
338,Laura,Martinez,F,10/1/1977,Cleveland,GA,8/3/2024,66808.69,359
339,Sarah,Williams,M,7/2/1985,Los Angeles,CA,3/24/2015,82795.19,524
340,Andrew,Moore,F,3/16/1959,Cleveland,OH,9/8/2017,64998.83,586
341,Matthew,Moore,M,6/15/1971,New York,IL,8/8/2017,81469.46,468
342,David,Taylor,M,8/3/1980,Charlotte,FL,9/2/2016,84564.72,361
343,John,Williams,M,11/16/1994,Philadelphia,OH,7/27/2016,48666.88,648
344,Jessica,Williams,F,12/12/1958,Charlotte,MI,5/22/2021,92047.51,741
345,Amanda,Garcia,F,12/22/1967,Chicago,TX,9/15/2017,66670.45,313
346,Amanda,Gonzalez,M,12/29/2001,Cleveland,CA,11/14/2024,60604.07,463
347,David,Anderson,M,3/30/1981,Miami,CA,4/3/2016,55799.84,719
348,Robert,Rodriguez,M,3/4/1966,Cleveland,CA,12/28/2023,75964.01,819
349,Emily,Brown,F,11/19/1993,Los Angeles,IL,12/13/2020,69907.57,847
350,Sarah,Wilson,M,10/27/2003,Cleveland,MI,7/16/2024,77416.14,327
351,James,Jones,F,11/3/1970,Atlanta,OH,3/3/2019,77804.42,745
352,Rachel,Johnson,M,5/11/1997,Chicago,TX,10/8/2021,82171.69,507
353,Andrew,Hernandez,M,7/5/1955,Houston,MI,2/14/2022,125525.68,769
354,Michael,Rodriguez,M,10/22/1998,Chicago,GA,4/11/2022,70793.84,403
355,Jessica,Williams,M,10/16/1980,Philadelphia,FL,6/7/2020,55308.53,725
356,Rachel,Rodriguez,M,10/4/1987,Houston,NY,4/16/2019,29603.73,400
357,Jennifer,Williams,M,2/20/1982,Philadelphia,MI,11/4/2023,46093.66,840
358,James,Johnson,F,5/1/1990,Philadelphia,GA,11/29/2020,94706.97,821
359,Megan,Lopez,M,6/12/1980,Los Angeles,TX,9/15/2021,84398.49,405
360,Laura,Martinez,F,11/13/1999,Los Angeles,NY,5/2/2015,43000.28,576
361,Joshua,Rodriguez,M,1/2/1974,Detroit,NY,9/30/2015,119284.25,364
362,Christopher,Anderson,M,7/9/1987,New York,MI,8/10/2018,76535.29,487
363,Joshua,Davis,F,7/18/1952,Detroit,CA,2/2/2016,79206.33,616
364,David,Jones,M,9/21/1982,Detroit,PA,11/23/2021,114884.5,437
365,Daniel,Hernandez,F,5/20/1993,New York,TX,9/11/2017,104789.11,642
366,Amanda,Johnson,F,9/29/1997,Miami,CA,5/15/2018,85622.75,404
367,John,Anderson,M,2/11/1993,Houston,TX,2/7/2018,86584.28,845
368,John,Garcia,F,9/23/1965,Charlotte,PA,8/12/2024,88455.7,679
369,Andrew,Davis,F,1/23/2000,Detroit,FL,7/25/2018,65180.66,409
370,Jane,Jones,M,6/2/1976,Cleveland,PA,12/18/2024,75735.86,844
371,Jennifer,Thomas,F,2/10/1969,Cleveland,NC,3/25/2020,81486.41,653
372,Jessica,Moore,M,5/10/1969,Philadelphia,MI,3/1/2022,67464.35,616
373,James,Garcia,M,4/5/1976,New York,MI,2/14/2019,50691.61,565
374,John,Jones,M,3/17/2004,Philadelphia,GA,9/21/2023,64677.39,364
375,Jennifer,Thomas,M,3/19/1951,Atlanta,CA,3/31/2020,50241.35,632
376,Robert,Gonzalez,F,9/27/1962,Atlanta,GA,1/23/2023,71287.45,812
377,David,Jones,M,8/28/1975,Charlotte,NC,3/30/2017,34390.86,432
378,Michael,Gonzalez,M,10/20/1970,Los Angeles,PA,12/10/2022,76820.77,839
379,Amanda,Taylor,F,3/22/1989,Los Angeles,MI,9/18/2024,37374.51,834
380,Jennifer,Moore,M,3/17/1962,New York,IL,7/20/2022,61930.54,795
381,Joshua,Davis,M,1/18/1968,New York,PA,5/10/2020,80082.02,668
382,David,Gonzalez,F,10/3/1994,Detroit,PA,6/26/2021,85822.93,398
383,Ashley,Jackson,F,5/19/1982,Atlanta,NC,6/28/2015,83447.18,616
384,David,Williams,F,3/7/2001,Detroit,FL,6/15/2017,76394.68,422
385,Andrew,Davis,F,9/16/1988,Los Angeles,TX,3/16/2021,47614.53,619
386,Christopher,Johnson,F,5/8/1997,Houston,NC,10/7/2022,89612.17,794
387,Ashley,Davis,F,12/10/1955,Houston,TX,5/26/2020,48071.97,756
388,Rachel,Gonzalez,F,10/21/2000,New York,MI,4/1/2019,91891.52,821
389,David,Gonzalez,M,4/15/1967,Philadelphia,NC,5/6/2016,82554.1,819
390,Amanda,Smith,F,10/7/1972,Los Angeles,TX,3/2/2015,97178.03,614
391,Jennifer,Garcia,F,1/2/1972,Houston,GA,12/13/2017,70497.37,841
392,Jennifer,Jackson,F,2/25/1952,Los Angeles,NC,8/31/2019,53624.72,778
393,Robert,Thomas,M,10/23/1966,Chicago,MI,1/29/2022,44146.95,319
394,Emily,Davis,M,5/16/1967,Cleveland,NC,12/5/2022,46368.41,429
395,John,Smith,F,6/22/2001,Atlanta,MI,4/24/2023,37264.51,592
396,David,Thomas,F,12/30/1990,Detroit,NC,3/6/2015,88840.06,431
397,Laura,Rodriguez,F,5/21/1965,Los Angeles,TX,8/8/2016,91348.34,655
398,David,Gonzalez,M,4/21/1955,Cleveland,FL,9/24/2019,81074,353
399,Emily,Hernandez,M,6/4/1960,Chicago,OH,1/27/2021,69339.18,686
400,Jane,Gonzalez,F,7/31/1969,Detroit,TX,2/27/2024,111219.19,564
401,Rachel,Martinez,M,12/29/1975,Los Angeles,CA,6/18/2016,68037.03,514
402,Laura,Brown,F,10/30/1983,New York,NY,6/24/2024,74418.34,759
403,Joshua,Garcia,M,11/11/1958,Cleveland,FL,7/3/2022,69042.97,757
404,John,Miller,M,5/23/1993,Detroit,GA,4/21/2024,63233.84,342
405,David,Jones,F,6/10/1956,Los Angeles,PA,11/25/2020,82619.49,577
406,James,Hernandez,F,4/17/1955,Cleveland,TX,2/14/2020,57330.07,429
407,Emily,Gonzalez,F,11/18/1979,Chicago,NC,11/8/2023,55988.44,649
408,Jennifer,Jackson,F,6/5/1973,Los Angeles,TX,11/1/2022,83629.39,843
409,Jennifer,Martinez,M,1/20/1965,Los Angeles,IL,10/1/2017,60047.83,405
410,Jane,Martinez,M,12/22/1978,Los Angeles,FL,11/4/2021,72669.64,300
411,Christopher,Hernandez,M,6/13/1997,Charlotte,OH,5/14/2018,63173.44,731
412,Rachel,Miller,F,12/18/1987,New York,GA,3/22/2022,69768.97,605
413,Amanda,Moore,M,3/14/1976,Chicago,IL,11/5/2017,56534.22,826
414,Megan,Brown,F,10/19/1998,Detroit,MI,11/23/2015,57188.22,352
415,Michael,Johnson,M,4/20/1963,Charlotte,IL,8/30/2016,53605.36,819
416,John,Wilson,F,12/7/1950,Philadelphia,TX,5/30/2022,86866.6,629
417,John,Gonzalez,F,8/12/1980,Charlotte,GA,1/2/2015,73437.7,624
418,Joshua,Lopez,M,11/27/1995,Atlanta,TX,10/30/2017,88371.02,413
419,Matthew,Miller,F,4/1/1973,Atlanta,MI,10/17/2021,90507.73,446
420,David,Johnson,F,5/19/1950,Los Angeles,PA,5/5/2015,60801.71,465
421,Amanda,Gonzalez,M,12/25/1950,Charlotte,GA,1/9/2018,87631.7,678
422,Michael,Wilson,F,8/6/1976,Philadelphia,PA,12/7/2021,69717.59,438
423,John,Taylor,F,4/27/2004,Charlotte,FL,5/23/2022,66826.53,598
424,John,Rodriguez,F,6/16/1954,New York,FL,2/5/2020,95047.34,575
425,Jessica,Taylor,M,10/18/1993,New York,PA,3/19/2018,81075.37,477
426,Laura,Davis,M,9/14/1963,Philadelphia,FL,10/18/2022,62951.51,653
427,Matthew,Johnson,F,5/15/1986,Charlotte,GA,12/30/2022,79775.87,453
428,Amanda,Gonzalez,M,3/19/1968,Cleveland,NC,5/4/2024,44685.75,500
429,James,Williams,F,7/16/2003,New York,CA,5/9/2015,74946.26,414
430,Amanda,Thomas,F,11/22/1955,New York,FL,3/13/2016,40008.17,367
431,Ashley,Garcia,F,10/26/1975,Houston,FL,1/20/2017,50312.01,744
432,Jane,Jackson,F,7/12/1988,Charlotte,TX,12/23/2021,81692.79,744
433,Joshua,Miller,F,8/28/1982,New York,PA,7/27/2023,16595.08,625
434,Megan,Martinez,M,11/27/1968,Chicago,NY,5/6/2018,106050.24,658
435,Michael,Rodriguez,F,8/14/2002,Charlotte,OH,3/8/2021,86689.85,444
436,Christopher,Johnson,M,2/4/1984,Atlanta,IL,6/20/2017,33229.34,574
437,Jessica,Anderson,M,5/22/1994,Houston,FL,9/23/2020,117969.97,808
438,Laura,Jones,F,11/20/2001,New York,IL,9/4/2023,123482.08,478
439,Jane,Brown,F,7/31/1953,Houston,GA,7/26/2018,66390.17,776
440,Joshua,Martin,M,8/31/1990,Atlanta,NY,1/26/2022,51470.22,713
441,Daniel,Brown,M,4/14/1957,Philadelphia,OH,12/4/2018,103726.07,452
442,Robert,Moore,M,6/26/1978,Philadelphia,PA,11/13/2021,63124.2,403
443,Emily,Brown,F,1/12/1978,Charlotte,CA,1/26/2016,73220.79,374
444,Megan,Taylor,M,12/30/1966,Atlanta,OH,12/3/2017,94345.79,427
445,James,Lopez,F,7/8/2003,Miami,OH,1/27/2015,66929.77,644
446,Matthew,Taylor,F,2/14/1953,Miami,CA,10/12/2022,65178.91,830
447,Emily,Martinez,F,9/5/1954,Charlotte,NC,9/4/2023,44552.1,458
448,Emily,Smith,M,12/10/1959,Los Angeles,PA,4/11/2023,57389.14,837
449,Laura,Moore,F,8/26/2003,Houston,TX,7/1/2016,64784.6,725
450,David,Moore,F,9/16/1978,Houston,IL,4/22/2022,45228.74,322
451,Daniel,Wilson,F,11/30/1982,Philadelphia,FL,7/20/2016,47041.28,346
452,Michael,Anderson,F,2/28/1996,Miami,OH,12/4/2016,70672.03,824
453,Christopher,Lopez,F,1/15/1971,Detroit,GA,5/27/2018,33005.92,443
454,Michael,Brown,M,4/22/1953,New York,CA,7/4/2015,52416.74,718
455,Jennifer,Williams,F,7/2/1986,New York,IL,8/7/2023,108891.88,384
456,Emily,Martin,F,5/15/1955,New York,NY,10/7/2023,63090.63,715
457,Megan,Lopez,M,7/12/1951,Philadelphia,CA,5/10/2019,60585.53,781
458,Christopher,Miller,F,6/27/1993,Atlanta,NY,3/28/2020,63001.08,755
459,Robert,Hernandez,M,1/15/1988,Cleveland,PA,4/27/2017,63316.95,596
460,David,Smith,F,6/1/1952,Miami,OH,8/21/2016,81497.38,411
461,Amanda,Garcia,M,1/14/1963,Miami,GA,3/16/2017,80097.32,529
462,Christopher,Anderson,M,1/24/1966,Detroit,FL,9/19/2018,62184.83,395
463,James,Anderson,F,3/27/1985,Houston,NY,10/31/2023,65723.25,677
464,Michael,Jackson,F,8/15/1969,Los Angeles,IL,11/27/2024,96255.46,455
465,Daniel,Hernandez,F,7/18/1985,Charlotte,NC,10/27/2020,39793.9,720
466,Christopher,Johnson,M,9/17/1971,Houston,PA,3/11/2022,68848.36,404
467,Christopher,Wilson,M,8/22/1964,Atlanta,NC,2/22/2020,72704.93,629
468,Rachel,Johnson,M,11/26/1969,Charlotte,PA,9/26/2021,54466.34,738
469,Jennifer,Brown,F,1/14/1987,Miami,TX,6/29/2016,67697.27,431
470,James,Taylor,M,9/20/1956,Atlanta,IL,6/21/2019,51766.47,681
471,Joshua,Williams,M,3/9/2000,Charlotte,NC,1/25/2021,82743.38,437
472,Christopher,Gonzalez,F,7/27/1985,Detroit,GA,6/21/2022,43235.87,569
473,Emily,Rodriguez,M,9/9/1957,Detroit,OH,3/15/2022,91246.67,849
474,Amanda,Miller,M,3/9/1968,Chicago,CA,1/6/2022,68533.9,695
475,Daniel,Anderson,F,6/22/1960,Cleveland,FL,4/8/2024,61039.32,763
476,Joshua,Hernandez,M,9/7/1959,Detroit,OH,9/10/2020,49906.06,749
477,Amanda,Martin,F,12/1/1991,Miami,OH,5/23/2021,90613.16,630
478,Daniel,Johnson,F,5/30/1960,Los Angeles,PA,3/26/2022,56962.76,552
479,Robert,Anderson,F,4/2/2000,New York,GA,7/12/2023,46655.03,584
480,Ashley,Wilson,F,10/26/1966,Chicago,PA,4/10/2020,91029.27,573
481,Rachel,Martin,F,7/30/2002,New York,MI,9/8/2016,51913.88,319
482,Joshua,Hernandez,M,11/25/1974,Cleveland,NY,5/31/2023,68110.35,538
483,Andrew,Williams,M,12/31/1950,Charlotte,FL,12/23/2024,86376.08,569
484,Jennifer,Taylor,F,5/26/2003,Philadelphia,NY,5/6/2021,73159.15,717
485,David,Lopez,F,12/14/1992,Detroit,CA,4/18/2018,104617.03,609
486,Michael,Anderson,M,2/7/1955,Los Angeles,MI,10/26/2019,53300.99,330
487,Amanda,Thomas,F,3/5/1995,Cleveland,IL,1/9/2022,65789.77,403
488,Rachel,Jones,F,5/25/1969,New York,CA,9/10/2023,67336.44,485
489,Emily,Martin,F,12/13/1971,Chicago,CA,6/9/2023,82424.7,427
490,Jennifer,Garcia,M,7/12/1956,Detroit,TX,3/15/2022,95772.46,509
491,Robert,Jackson,M,4/8/1991,Miami,FL,8/28/2023,71472.33,713
492,James,Jones,F,10/10/1960,Detroit,PA,8/14/2015,67246.72,580
493,Laura,Williams,F,12/10/1985,Chicago,GA,10/31/2016,40340.16,552
494,Robert,Smith,M,8/26/1989,Chicago,NY,10/30/2019,72247.62,318
495,Ashley,Garcia,M,3/14/1971,Philadelphia,CA,7/5/2017,56994,435
496,David,Anderson,F,4/5/1994,Detroit,NY,12/13/2020,82368.73,522
497,Michael,Johnson,F,10/26/1956,Detroit,NY,3/23/2023,61806.32,302
498,Matthew,Williams,M,6/25/1986,Philadelphia,IL,12/25/2023,65187.24,535
499,Matthew,Taylor,M,7/31/1999,Atlanta,FL,9/4/2023,40794.64,764
500,Megan,Lopez,M,6/8/2002,Atlanta,FL,10/22/2020,33770.96,527
501,Andrew,Moore,F,2/11/1953,Charlotte,NC,4/29/2018,107219.74,798
502,Amanda,Anderson,M,5/14/1959,Atlanta,OH,9/2/2019,72593.68,820
503,Daniel,Lopez,F,1/2/1966,Houston,FL,1/17/2020,78086.71,438
504,Laura,Thomas,M,9/11/1960,Detroit,NY,6/6/2020,51754.1,575
505,Amanda,Davis,M,12/11/2002,Los Angeles,PA,2/25/2015,87510.47,590
506,Christopher,Wilson,M,12/27/1983,Detroit,NY,12/20/2016,83902.8,352
507,Sarah,Taylor,M,10/4/1950,Houston,PA,2/13/2022,53951.46,409
508,Robert,Davis,F,5/1/2000,Houston,NC,9/10/2020,48809.89,303
509,Ashley,Anderson,F,3/21/1998,New York,PA,11/7/2024,55349.45,346
510,James,Wilson,M,5/9/1967,Detroit,FL,7/27/2016,69434.35,393
511,Jessica,Moore,F,9/14/1982,Cleveland,IL,10/28/2016,73342.14,512
512,Laura,Martin,M,7/20/1993,Houston,PA,10/11/2015,70767.88,735
513,Daniel,Miller,M,10/5/1996,Los Angeles,NY,10/11/2019,95974.6,807
514,Megan,Williams,M,9/11/1983,Philadelphia,GA,10/5/2024,55700.86,504
515,Jane,Lopez,M,10/4/1978,Charlotte,FL,2/12/2021,48266.76,680
516,David,Williams,F,8/21/2002,New York,GA,5/12/2016,70001.98,372
517,David,Martin,M,7/10/1961,Philadelphia,MI,1/5/2019,36138.3,815
518,Sarah,Wilson,M,9/25/1981,New York,MI,5/10/2015,83914.75,375
519,Joshua,Anderson,F,10/22/1979,Los Angeles,NY,9/30/2016,71959.27,376
520,Jessica,Wilson,M,3/24/1985,Chicago,MI,3/17/2024,63239.24,709
521,Jennifer,Miller,M,12/24/1952,Detroit,OH,12/1/2020,62128.94,405
522,James,Taylor,M,3/18/1959,Miami,NC,12/15/2023,88199.92,850
523,John,Lopez,F,1/25/1950,Cleveland,FL,8/22/2020,87562.96,775
524,Rachel,Martin,M,9/25/1976,Philadelphia,GA,2/25/2024,65072.56,574
525,Christopher,Brown,F,4/8/1977,Detroit,NY,12/31/2023,81835.38,387
526,Robert,Rodriguez,M,6/1/1985,Cleveland,OH,10/27/2021,87267.41,376
527,James,Garcia,M,2/3/1972,Chicago,NY,10/23/2024,76710.52,376
528,Emily,Thomas,F,12/23/2000,Miami,OH,10/30/2021,65890.7,741
529,Emily,Johnson,M,12/22/1969,Cleveland,MI,9/12/2017,77623.35,839
530,Sarah,Davis,M,12/23/1972,Cleveland,MI,9/19/2017,49218.27,544
531,Joshua,Hernandez,F,3/9/1981,Philadelphia,PA,7/25/2022,71422.11,681
532,Amanda,Gonzalez,F,2/17/1973,Atlanta,TX,10/22/2020,65337.47,441
533,Robert,Taylor,F,7/26/1978,Miami,NY,1/28/2022,62202.69,667
534,Laura,Davis,F,3/5/1991,Detroit,PA,4/11/2015,35469.58,383
535,Joshua,Moore,F,7/21/2003,Chicago,FL,2/1/2021,49448.04,442
536,Robert,Moore,M,7/25/1981,Miami,PA,3/2/2016,60282.1,651
537,Michael,Wilson,F,2/7/1993,Los Angeles,CA,9/24/2023,87900.78,844
538,James,Anderson,M,7/24/1973,Atlanta,MI,11/12/2023,75716.47,451
539,James,Garcia,M,7/8/1955,Los Angeles,CA,2/10/2015,88793.48,457
540,Megan,Hernandez,M,10/13/1953,Chicago,NY,3/4/2016,94858.27,745
541,Rachel,Gonzalez,F,1/3/1953,Philadelphia,GA,12/10/2015,76586.18,602
542,Jessica,Smith,F,3/28/2004,Philadelphia,GA,7/27/2024,72805.87,749
543,Daniel,Garcia,M,12/2/1974,Chicago,FL,1/1/2016,50540.12,523
544,Robert,Rodriguez,F,7/7/1950,New York,PA,9/27/2023,109733.43,342
545,John,Davis,F,9/18/1982,Chicago,GA,8/31/2016,41643.12,563
546,Michael,Hernandez,F,12/12/1977,Atlanta,OH,5/28/2022,72374.68,302
547,James,Jackson,F,9/24/1955,Houston,OH,12/28/2016,86655.98,567
548,Christopher,Rodriguez,M,9/9/2000,Philadelphia,FL,3/26/2021,86934.75,315
549,John,Taylor,M,5/9/1964,Charlotte,NC,4/4/2017,46898.22,633
550,Sarah,Lopez,F,5/29/1973,Atlanta,MI,10/7/2023,61601.94,763
551,Sarah,Wilson,M,3/13/1964,Atlanta,PA,10/7/2018,54020.9,358
552,Amanda,Anderson,F,10/24/1991,Atlanta,NY,6/7/2017,30391.32,476
553,James,Thomas,F,10/25/1965,Cleveland,IL,8/5/2020,72606.53,362
554,James,Martin,M,2/1/1984,Atlanta,IL,9/3/2018,55647.69,606
555,Andrew,Smith,M,6/3/1971,Philadelphia,IL,4/20/2023,100109.65,545
556,Jennifer,Martinez,M,1/12/1993,Houston,GA,11/23/2022,82303.49,588
557,Matthew,Davis,F,2/20/1970,Houston,NC,5/1/2024,70828.04,631
558,David,Moore,M,9/14/1967,Atlanta,NC,7/20/2018,60546.01,826
559,Emily,Smith,F,11/15/1984,Los Angeles,PA,4/27/2015,72302.32,554
560,Michael,Johnson,M,12/16/1998,Philadelphia,PA,11/5/2022,64882.52,809
561,Joshua,Smith,M,6/25/1986,Philadelphia,NC,8/12/2021,71390.78,762
562,Rachel,Smith,F,5/4/1978,Miami,FL,1/22/2018,108032.72,498
563,Megan,Rodriguez,F,12/30/1956,Detroit,PA,6/17/2015,48704.88,570
564,Andrew,Gonzalez,F,1/30/1958,New York,FL,3/21/2023,66627.16,363
565,Daniel,Smith,F,4/1/1998,New York,CA,10/5/2019,84127.77,529
566,Christopher,Gonzalez,F,12/11/1962,Los Angeles,OH,9/26/2018,61997.18,548
567,Ashley,Martin,F,7/27/1965,New York,MI,6/1/2022,101610.84,545
568,Andrew,Miller,F,2/19/1960,Miami,PA,11/25/2016,83569.18,456
569,John,Johnson,F,8/12/1957,Chicago,NC,7/13/2017,55622.19,387
570,Michael,Garcia,M,3/17/1999,New York,OH,6/1/2015,74081.37,612
571,Jennifer,Miller,F,6/26/1956,Philadelphia,OH,8/8/2016,55907.83,365
572,Matthew,Wilson,F,9/9/1992,Chicago,TX,7/1/2017,54066.83,319
573,Amanda,Moore,M,3/13/1951,New York,NC,5/10/2021,67196.04,332
574,Laura,Anderson,F,9/29/1957,Philadelphia,MI,4/27/2019,95275.22,372
575,Jennifer,Johnson,M,4/6/1954,Philadelphia,NC,5/10/2016,84908.9,642
576,Jessica,Martinez,M,8/4/1986,Atlanta,PA,11/18/2020,69548.45,432
577,Sarah,Lopez,F,3/28/1991,Houston,NY,7/10/2016,85623.72,354
578,Amanda,Taylor,M,12/16/1978,Los Angeles,CA,1/10/2018,75372.37,360
579,Jessica,Davis,F,5/11/1995,Miami,FL,4/2/2019,46602.14,819
580,Emily,Hernandez,M,9/8/1969,Cleveland,NY,10/21/2020,67097.25,571
581,Jessica,Williams,M,3/28/1965,Detroit,CA,6/13/2023,68536.81,545
582,Megan,Garcia,M,1/30/1992,New York,NY,8/5/2024,85233.81,475
583,David,Rodriguez,F,5/9/1954,New York,FL,6/6/2015,58670.59,616
584,Daniel,Garcia,F,6/9/1950,Chicago,GA,1/4/2017,51746.71,430
585,Emily,Rodriguez,M,4/3/1983,Chicago,NC,12/19/2020,69089.06,401
586,Christopher,Miller,M,2/3/1992,Detroit,NY,5/2/2024,57091.51,609
587,Daniel,Rodriguez,F,12/13/1967,New York,PA,5/25/2023,63529.82,591
588,John,Moore,F,6/16/1994,Charlotte,MI,11/28/2018,68382.41,794
589,Rachel,Lopez,M,3/14/1975,Miami,IL,6/9/2024,62339.12,660
590,James,Davis,M,7/28/1972,New York,PA,7/12/2016,89263.65,637
591,Jennifer,Davis,F,5/14/1990,Houston,FL,11/24/2020,98285.9,309
592,James,Moore,F,7/4/1986,Detroit,MI,5/1/2021,87258.21,348
593,Ashley,Martin,F,7/12/1986,Charlotte,PA,12/21/2023,34576.06,786
594,Michael,Anderson,F,3/5/2001,Miami,OH,8/17/2023,57160.53,620
595,Sarah,Miller,F,5/13/1953,New York,NC,6/4/2015,66426.96,432
596,Megan,Hernandez,M,4/22/1965,Cleveland,MI,4/24/2023,33074.53,382
597,Joshua,Martin,F,4/17/1965,Atlanta,OH,9/23/2017,52482.17,356
598,David,Thomas,M,4/7/1975,Houston,PA,4/13/2021,66171.4,675
599,Andrew,Brown,F,7/22/1966,Cleveland,CA,6/14/2016,61020.52,648
600,Jane,Garcia,M,7/4/1983,Chicago,TX,12/15/2022,70173,570
601,Laura,Williams,F,11/5/1992,Chicago,CA,5/25/2020,42383.43,782
602,Megan,Rodriguez,F,7/17/1963,New York,NC,1/29/2022,60794.35,410
603,James,Martinez,M,9/15/1971,Chicago,MI,12/29/2016,73038.2,375
604,David,Wilson,M,8/11/1984,Houston,MI,3/23/2018,70204.03,457
605,John,Hernandez,F,10/20/1993,Miami,NC,6/3/2015,78937.87,831
606,John,Moore,F,8/26/1986,Philadelphia,OH,4/2/2015,77771.49,628
607,Megan,Lopez,F,3/18/1969,Los Angeles,TX,8/5/2024,61857.86,421
608,Andrew,Lopez,F,5/28/1988,Detroit,PA,7/13/2021,72402.38,340
609,Christopher,Gonzalez,F,8/3/1993,Miami,FL,2/12/2019,54000.14,466
610,Matthew,Gonzalez,M,8/27/1987,Philadelphia,CA,9/13/2019,64595.43,322
611,Christopher,Jackson,M,1/7/2000,Charlotte,CA,10/8/2023,48887.65,578
612,James,Jackson,F,10/24/1999,Houston,IL,11/2/2021,91308.49,768
613,John,Wilson,M,9/3/1958,Cleveland,TX,7/9/2020,64530.11,699
614,Jane,Brown,M,10/29/1982,Philadelphia,FL,10/28/2022,91278.87,308
615,Daniel,Gonzalez,M,7/27/1988,Houston,CA,2/25/2017,76229.92,312
616,Michael,Davis,F,9/3/1956,Atlanta,FL,9/30/2015,52286.75,351
617,John,Jackson,M,10/28/1991,Cleveland,PA,7/20/2020,75022.13,508
618,Jennifer,Lopez,F,6/12/1964,Chicago,MI,3/20/2022,86194.37,849
619,Sarah,Moore,M,4/4/1974,Chicago,FL,6/26/2015,68448.38,701
620,Christopher,Garcia,F,5/29/1971,Cleveland,CA,11/18/2022,71480.59,490
621,David,Moore,M,12/12/1962,Charlotte,OH,10/4/2016,58970.85,350
622,David,Jackson,F,1/16/2002,Charlotte,TX,3/13/2020,70482.06,692
623,Sarah,Jones,F,9/17/1965,Charlotte,NC,7/18/2023,74757.96,599
624,Michael,Rodriguez,M,11/11/1965,Philadelphia,NY,7/20/2016,58423.68,495
625,David,Williams,F,5/21/1962,Detroit,GA,10/27/2016,48414.08,716
626,David,Martinez,F,4/3/1965,Philadelphia,GA,5/19/2024,95759.41,719
627,Laura,Jackson,F,5/19/1994,New York,NY,8/24/2018,82082.41,821
628,Laura,Williams,F,9/29/1991,Los Angeles,FL,12/25/2022,59046.84,655
629,Joshua,Anderson,F,6/3/1978,Cleveland,TX,12/4/2019,74393.15,447
630,Christopher,Smith,F,2/3/1956,Miami,FL,12/5/2017,40428.43,664
631,Ashley,Miller,F,12/20/1972,Los Angeles,NC,6/7/2021,30458.58,663
632,Daniel,Lopez,F,8/10/1993,Atlanta,TX,12/25/2022,91682.66,701
633,Ashley,Taylor,M,12/28/1981,Philadelphia,NY,2/7/2023,74591.02,791
634,John,Martin,M,2/18/1979,Philadelphia,FL,2/12/2016,69045.95,528
635,Joshua,Jones,F,9/19/1973,Houston,IL,4/27/2018,74653.14,836
636,James,Brown,F,6/2/1967,Los Angeles,CA,11/9/2022,134522.63,567
637,James,Lopez,M,5/3/1955,Houston,OH,1/28/2020,87381.91,704
638,Emily,Martin,M,2/8/1983,Miami,MI,2/26/2018,49091.19,310
639,John,Moore,M,11/1/1982,Houston,OH,2/21/2022,36392.47,619
640,Christopher,Taylor,F,4/20/1967,Los Angeles,NC,11/17/2024,91090.72,425
641,Jessica,Jackson,M,5/8/1983,Cleveland,FL,2/20/2024,87121.92,605
642,Jane,Rodriguez,F,8/23/1950,Atlanta,PA,2/15/2018,81501.22,810
643,Jessica,Brown,F,2/2/1992,Philadelphia,TX,11/16/2021,53742.42,388
644,Robert,Johnson,M,9/25/2004,Miami,FL,5/24/2015,77265.71,654
645,Jane,Brown,F,6/7/1951,Philadelphia,TX,10/25/2021,55533.1,651
646,Michael,Johnson,F,10/27/1984,New York,MI,12/16/2023,83255.64,313
647,Megan,Anderson,F,11/21/1976,Atlanta,IL,11/3/2023,89653.14,556
648,Amanda,Johnson,F,12/20/1965,Detroit,OH,5/1/2016,59130.54,508
649,John,Brown,M,2/6/1985,Houston,CA,5/9/2017,92636.2,580
650,Amanda,Garcia,M,5/21/1994,Chicago,MI,10/11/2023,72297.05,742
651,David,Miller,F,7/2/1969,Los Angeles,MI,4/19/2020,79837.46,688
652,Christopher,Martinez,F,12/30/1965,Philadelphia,OH,5/28/2015,43807.33,782
653,Jennifer,Jackson,M,8/9/1953,Houston,MI,9/21/2018,74644.29,446
654,Andrew,Jackson,F,2/21/1986,Miami,PA,8/9/2023,56488.31,578
655,Andrew,Lopez,M,12/8/1997,Philadelphia,PA,1/18/2024,79492.67,820
656,David,Williams,F,8/20/1991,Detroit,GA,9/19/2018,99343.25,733
657,Ashley,Gonzalez,F,12/10/2001,Atlanta,GA,10/29/2022,75790.4,443
658,Jane,Moore,M,10/10/1953,Atlanta,PA,6/6/2022,51982.9,588
659,Matthew,Davis,M,2/5/2004,Philadelphia,NY,3/31/2015,82529.32,685
660,Joshua,Anderson,M,2/28/1954,Miami,IL,9/19/2018,78035.77,313
661,Robert,Smith,M,9/23/1971,Atlanta,TX,7/18/2015,111172.03,556
662,Sarah,Williams,F,9/7/1966,Atlanta,IL,11/7/2023,75079.36,645
663,Jane,Davis,M,8/30/1964,Detroit,NC,6/21/2016,58290.5,644
664,Sarah,Brown,F,11/14/1974,Los Angeles,MI,9/28/2023,85412.82,699
665,Megan,Thomas,M,4/6/1965,Miami,CA,10/28/2015,67446.44,506
666,Jane,Martinez,M,6/25/1986,Miami,MI,12/24/2016,71605.02,471
667,Megan,Lopez,F,3/7/1956,Cleveland,IL,5/18/2019,51430.48,763
668,Andrew,Wilson,M,9/20/1986,Cleveland,PA,3/30/2023,67551.3,569
669,Joshua,Wilson,M,9/16/1991,Atlanta,OH,12/30/2018,70616.09,520
670,Jane,Johnson,M,7/1/1993,Chicago,NC,3/9/2015,67433.03,451
671,Rachel,Jones,M,9/21/2003,Cleveland,PA,11/11/2021,58182.25,482
672,Sarah,Jones,F,6/29/1955,Atlanta,IL,3/18/2019,75764.58,698
673,John,Garcia,F,5/18/2000,Charlotte,OH,2/2/2016,51530.55,371
674,Andrew,Gonzalez,M,9/26/1979,New York,CA,9/11/2016,46820.11,717
675,Laura,Rodriguez,M,7/28/1977,New York,IL,3/11/2024,84190.72,582
676,Joshua,Anderson,M,9/15/1975,Miami,TX,5/4/2019,82355,373
677,Christopher,Wilson,F,9/17/1999,Chicago,FL,3/9/2018,43847.91,654
678,David,Miller,F,8/27/1999,Detroit,OH,12/30/2016,33408.9,796
679,Emily,Martin,F,12/31/1989,Los Angeles,IL,7/9/2016,49825.16,627
680,Laura,Johnson,F,10/20/1994,Cleveland,PA,5/6/2020,67434.02,834
681,Christopher,Miller,M,9/4/2003,Charlotte,TX,9/29/2022,93086.99,746
682,Laura,Garcia,M,5/2/1996,Atlanta,NY,10/18/2019,66945.11,672
683,Christopher,Taylor,M,8/2/1990,Chicago,OH,1/20/2023,54612.78,661
684,Rachel,Johnson,F,11/10/1998,Miami,TX,4/11/2022,72971.72,392
685,David,Williams,M,5/27/1973,Cleveland,PA,8/27/2022,67719.68,620
686,Jane,Jones,F,7/12/1981,Chicago,IL,5/18/2021,42379.85,623
687,Sarah,Jones,F,8/23/1950,Cleveland,MI,6/1/2022,42498.74,683
688,Jane,Smith,M,11/14/1989,Los Angeles,CA,2/19/2023,43036.05,645
689,James,Davis,M,2/5/1999,Los Angeles,MI,9/22/2017,119597.03,402
690,Matthew,Lopez,M,6/25/1970,Detroit,FL,5/13/2020,87199.63,514
691,Matthew,Brown,F,7/15/1961,New York,TX,5/21/2019,58125.68,491
692,Jennifer,Gonzalez,F,3/8/1978,Houston,FL,8/25/2022,92165.34,493
693,Matthew,Anderson,M,8/1/1954,Houston,CA,1/20/2019,58638.87,679
694,Joshua,Hernandez,M,10/2/1955,Cleveland,TX,11/4/2020,91503.61,702
695,Andrew,Martinez,F,6/11/1982,Detroit,GA,1/7/2018,71606.13,310
696,Jennifer,Williams,M,7/19/2003,Houston,PA,12/21/2023,56822.98,486
697,Matthew,Wilson,F,10/30/1999,Miami,TX,10/9/2022,83596.41,314
698,Jennifer,Thomas,F,7/8/1960,Houston,PA,5/1/2024,72750.39,596
699,Jessica,Martinez,M,12/2/1977,Philadelphia,MI,2/8/2024,77965.36,710
700,Emily,Martinez,M,12/13/1971,Atlanta,NC,6/9/2021,74310.14,351
701,Jessica,Lopez,M,3/13/1969,Detroit,OH,11/4/2018,74100.3,327
702,Emily,Rodriguez,M,4/21/1962,Miami,NC,12/17/2020,86011.08,316
703,Michael,Smith,F,9/14/1996,Chicago,IL,3/28/2022,121676.14,650
704,Michael,Jones,F,6/27/1973,Miami,OH,7/23/2018,94975.84,727
705,Megan,Martin,F,11/29/1955,New York,OH,9/19/2019,74392.9,528
706,Joshua,Davis,M,2/22/2002,Chicago,NY,2/18/2022,63787.86,509
707,Joshua,Hernandez,F,8/27/1955,Charlotte,OH,6/17/2017,65985.3,730
708,David,Lopez,M,11/28/1958,Atlanta,CA,4/21/2018,44877.41,593
709,Megan,Smith,M,2/14/1985,Atlanta,NC,2/22/2024,83290.87,403
710,Laura,Martin,M,11/2/1953,Atlanta,MI,4/16/2024,49701.55,503
711,Sarah,Hernandez,M,10/13/2003,Atlanta,PA,3/16/2019,62550.91,352
712,John,Jones,M,8/7/1991,Cleveland,IL,3/19/2015,83406.97,674
713,David,Anderson,M,2/13/1983,Atlanta,OH,10/2/2022,65253.49,353
714,Daniel,Jones,F,7/16/1961,Atlanta,IL,5/3/2024,60154.24,575
715,Amanda,Lopez,M,9/11/2003,Atlanta,MI,6/14/2022,46050.39,634
716,Ashley,Jones,F,3/7/1980,Detroit,IL,12/6/2024,94106.53,330
717,Jane,Taylor,F,9/20/1982,Cleveland,MI,3/13/2019,53335.56,434
718,Christopher,Taylor,M,4/23/1979,Los Angeles,OH,8/26/2015,58282.48,357
719,Ashley,Lopez,M,4/27/1978,Miami,MI,3/3/2018,34165.41,404
720,James,Anderson,M,6/29/1982,Miami,OH,6/19/2020,69602.78,565
721,Daniel,Anderson,F,7/8/1957,Chicago,NY,4/30/2018,63334.1,821
722,Andrew,Garcia,M,8/2/1960,Detroit,NY,5/20/2024,73637.16,795
723,Andrew,Lopez,F,9/26/1982,Philadelphia,MI,10/5/2015,46507.37,552
724,Matthew,Martin,M,12/6/1965,Miami,NY,6/17/2023,84683.62,594
725,Jennifer,Moore,M,12/10/2000,Houston,PA,6/7/2016,33215.79,457
726,Christopher,Wilson,F,1/23/1994,Philadelphia,PA,6/29/2015,68156.45,848
727,Emily,Johnson,F,7/3/2002,Atlanta,NY,5/3/2015,72309.77,366
728,John,Rodriguez,M,6/2/1992,Atlanta,NY,6/23/2018,71155.48,598
729,Jessica,Jones,F,1/12/1999,Cleveland,GA,10/24/2019,73155.1,762
730,Christopher,Martin,F,7/8/1972,Philadelphia,GA,6/6/2024,85773.43,400
731,Michael,Smith,F,1/8/1961,Houston,OH,7/20/2023,96493.97,355
732,Rachel,Williams,F,11/19/2001,Cleveland,MI,12/30/2017,66887.84,631
733,Andrew,Garcia,F,7/14/2002,Chicago,FL,4/24/2016,50643.15,692
734,Andrew,Jones,M,11/8/1966,Philadelphia,FL,12/10/2024,81214.35,680
735,Ashley,Jones,M,11/22/1987,Detroit,NY,6/18/2023,64395.21,391
736,Ashley,Smith,F,12/21/1951,Atlanta,IL,12/3/2019,95292.39,746
737,Jane,Taylor,M,10/8/1990,Atlanta,NY,11/1/2020,57960.67,408
738,James,Jackson,M,7/9/1997,New York,GA,11/1/2023,52839.78,616
739,Ashley,Wilson,F,11/25/2000,Cleveland,OH,2/25/2022,72875.88,467
740,Joshua,Lopez,M,2/13/1962,Los Angeles,NY,4/20/2022,35191.64,734
741,Robert,Martinez,F,4/4/1984,Los Angeles,NC,8/1/2021,60651.43,741
742,Michael,Martin,F,3/31/1991,Cleveland,IL,3/26/2017,63403.19,517
743,Andrew,Moore,M,9/11/1987,Detroit,NC,5/18/2022,74409.45,521
744,Ashley,Hernandez,F,12/17/1980,Charlotte,OH,3/18/2016,50074.56,827
745,Matthew,Johnson,F,6/4/1981,Cleveland,OH,8/7/2023,52409.99,577
746,Andrew,Moore,F,4/30/1985,Detroit,PA,1/14/2022,93138.27,765
747,James,Miller,F,10/7/1973,Chicago,TX,5/23/2015,69730.77,329
748,Megan,Anderson,F,1/14/1956,Atlanta,NC,7/11/2015,87292.74,658
749,Sarah,Hernandez,M,10/30/2003,Houston,PA,11/11/2018,59164.25,587
750,Michael,Moore,M,1/7/1953,Charlotte,GA,1/13/2016,68910.98,385
751,Joshua,Lopez,F,5/10/1964,Philadelphia,CA,3/13/2022,74290.69,533
752,Andrew,Garcia,F,2/10/1968,Charlotte,IL,6/18/2016,104951.1,612
753,David,Martin,M,8/17/1994,Houston,CA,9/13/2019,65647.64,664
754,Laura,Gonzalez,F,11/3/1973,New York,MI,3/18/2024,66674.62,568
755,Robert,Martin,M,2/4/1988,Atlanta,GA,10/29/2017,91963.06,430
756,Christopher,Thomas,F,9/23/1951,Los Angeles,GA,2/25/2024,62403.77,650
757,Robert,Moore,F,8/9/1982,Detroit,CA,11/11/2018,75692.58,479
758,Amanda,Martinez,F,9/13/1979,Cleveland,NC,11/10/2020,90219.18,779
759,Christopher,Davis,F,2/10/1975,Cleveland,TX,6/12/2020,58483.16,462
760,James,Moore,F,10/30/1984,Los Angeles,NC,1/20/2022,76809.25,395
761,Rachel,Smith,F,8/14/1995,Charlotte,CA,3/23/2018,104911.01,809
762,Emily,Davis,F,6/30/1995,Atlanta,MI,2/9/2016,88426.36,664
763,Laura,Garcia,M,9/5/1976,Miami,NC,11/27/2022,75698.66,652
764,Michael,Jones,M,7/31/1965,Detroit,FL,3/18/2018,65513.57,735
765,Daniel,Anderson,M,9/10/1986,Chicago,NC,6/7/2017,57913.63,382
766,James,Anderson,F,12/21/1970,Houston,OH,2/21/2024,50236.28,524
767,Megan,Johnson,F,1/10/1979,Charlotte,PA,2/26/2016,100192.48,711
768,Andrew,Smith,F,1/17/1982,Philadelphia,IL,6/30/2019,96309.42,417
769,Emily,Hernandez,F,1/26/1950,New York,NC,4/16/2016,56857.71,781
770,Andrew,Martinez,F,2/14/1992,Cleveland,TX,1/19/2023,76753.74,491
771,Jane,Moore,F,7/11/1987,Charlotte,TX,6/30/2016,72226.53,406
772,Andrew,Moore,F,9/9/1973,New York,NC,9/22/2016,93688.31,681
773,Jessica,Taylor,M,8/19/1986,Houston,NY,11/6/2024,77656.02,689
774,Jessica,Davis,F,3/8/1969,Cleveland,GA,10/14/2024,69543.62,543
775,Christopher,Anderson,M,5/24/2004,Cleveland,NC,11/3/2017,59166.29,767
776,Amanda,Davis,M,4/26/2000,Miami,GA,9/26/2022,76817.36,837
777,Joshua,Taylor,F,10/9/1973,Charlotte,FL,1/4/2020,63036.35,509
778,Laura,Lopez,F,12/8/1952,Atlanta,CA,12/30/2015,74413.7,372
779,Daniel,Davis,M,8/4/1950,Los Angeles,FL,12/6/2020,68480.58,608
780,David,Wilson,M,2/23/1977,Los Angeles,NC,1/23/2024,62550.16,485
781,Sarah,Brown,F,10/15/1976,Chicago,TX,6/29/2016,50545.18,552
782,Rachel,Smith,F,12/29/2001,Philadelphia,NY,11/15/2023,80283.91,312
783,Jane,Smith,M,8/3/1990,New York,MI,1/13/2022,70851.41,598
784,James,Jackson,F,1/27/1959,Charlotte,GA,9/25/2016,105748.42,375
785,Sarah,Thomas,F,3/17/1980,Detroit,PA,4/20/2020,49353.1,350
786,David,Wilson,F,4/17/1977,Philadelphia,GA,8/8/2019,82505.96,448
787,John,Thomas,M,6/20/1994,Miami,OH,8/20/2017,68347.07,421
788,Sarah,Jones,M,4/6/1966,Cleveland,IL,3/25/2023,111995.17,510
789,Sarah,Rodriguez,M,3/28/1990,Atlanta,NC,6/1/2017,80979.44,579
790,Jennifer,Johnson,F,7/4/1990,Charlotte,FL,9/28/2022,76493.77,837
791,Emily,Moore,F,4/14/1956,Philadelphia,PA,5/20/2017,68397.95,455
792,Matthew,Garcia,M,8/24/1954,Philadelphia,TX,5/30/2016,55937.58,537
793,Daniel,Rodriguez,M,8/16/1980,Atlanta,TX,3/5/2023,76227.86,675
794,Michael,Smith,M,3/9/2000,Chicago,TX,11/21/2018,42353.95,381
795,Joshua,Rodriguez,F,11/10/1982,New York,MI,5/15/2017,43274.32,791
796,Jessica,Thomas,M,4/16/1989,New York,OH,11/23/2020,90248.77,655
797,David,Gonzalez,M,6/24/2002,Philadelphia,TX,1/13/2018,34757.52,572
798,Emily,Rodriguez,F,12/24/1959,Houston,TX,8/2/2015,63608.53,343
799,Sarah,Gonzalez,F,7/31/1967,Philadelphia,NC,9/28/2023,49017.47,422
800,Jane,Rodriguez,F,5/30/1982,Philadelphia,OH,10/9/2023,61950.59,648
801,Rachel,Hernandez,M,2/6/2002,Atlanta,NY,12/7/2022,73690.91,629
802,Matthew,Brown,F,5/25/1967,Cleveland,NY,2/22/2021,89691.11,708
803,Emily,Johnson,F,11/11/1978,Atlanta,OH,1/19/2015,94352.67,622
804,Andrew,Garcia,M,4/17/1955,Charlotte,IL,10/3/2016,51620.94,410
805,Sarah,Wilson,F,6/13/1981,Philadelphia,MI,6/11/2023,60680.76,388
806,Christopher,Brown,M,10/24/1954,New York,PA,1/9/2018,151051,732
807,Sarah,Garcia,M,12/4/1963,Detroit,GA,11/26/2015,64999.71,398
808,Joshua,Jackson,F,6/8/1965,New York,NC,5/15/2017,52355.78,838
809,Jane,Garcia,F,1/21/1953,Los Angeles,CA,2/12/2017,55683.98,445
810,Andrew,Johnson,F,6/17/1979,Chicago,NY,1/27/2016,65117.2,556
811,Matthew,Moore,F,1/4/1982,Miami,OH,9/28/2016,62145.25,488
812,Jessica,Gonzalez,F,5/8/1951,Charlotte,PA,6/12/2021,65312.6,539
813,Joshua,Rodriguez,F,2/15/1974,Charlotte,OH,2/21/2024,69571.47,802
814,James,Jackson,M,9/23/1967,Chicago,GA,8/19/2024,69431.84,570
815,Amanda,Gonzalez,M,5/21/1989,Detroit,PA,8/13/2024,50890.27,819
816,David,Hernandez,F,8/30/1976,Miami,NY,1/21/2023,77386.62,849
817,Sarah,Smith,M,4/10/1988,Cleveland,TX,5/23/2022,72420.94,413
818,Emily,Miller,F,3/9/1982,Philadelphia,OH,11/28/2022,79931.63,638
819,Joshua,Anderson,M,10/28/1976,Miami,CA,10/22/2017,35710.92,658
820,Rachel,Smith,M,12/29/1989,Detroit,NY,1/11/2022,73136.88,633
821,John,Lopez,M,3/25/1985,Houston,FL,8/2/2019,30288.07,468
822,Rachel,Miller,F,5/15/2002,Los Angeles,CA,5/7/2022,66488.58,638
823,Christopher,Anderson,M,7/16/1971,Miami,IL,4/3/2024,83158.73,560
824,Amanda,Jackson,F,4/19/1992,Miami,MI,1/9/2017,90915.58,498
825,Andrew,Smith,M,4/4/1979,Los Angeles,NY,3/26/2019,76689.2,510
826,John,Taylor,M,12/4/1964,Philadelphia,TX,4/13/2016,83507.81,586
827,Ashley,Taylor,M,5/28/1973,Miami,NY,3/9/2021,64019.9,771
828,Sarah,Williams,M,9/4/1969,Los Angeles,GA,2/9/2018,59816.64,781
829,David,Lopez,M,9/16/1966,Los Angeles,PA,10/28/2017,123855.16,322
830,Matthew,Garcia,F,9/12/1951,Los Angeles,OH,10/22/2022,86543.21,408
831,Emily,Hernandez,F,6/1/1952,Atlanta,PA,11/29/2021,46540.32,595
832,James,Williams,M,12/22/1959,Detroit,PA,5/23/2017,35306.72,305
833,Matthew,Davis,M,7/20/1953,Atlanta,NY,4/4/2016,60698.61,849
834,Michael,Wilson,M,8/31/1988,Houston,GA,4/19/2021,93837.37,502
835,John,Wilson,M,12/5/1957,Cleveland,OH,3/30/2019,70974.78,624
836,Sarah,Martinez,F,5/27/1997,Atlanta,OH,1/21/2017,25519.6,543
837,Megan,Johnson,M,9/10/1964,Atlanta,PA,1/1/2019,66454.13,626
838,Laura,Wilson,F,11/7/1973,Detroit,IL,11/13/2019,69951.97,346
839,David,Rodriguez,M,8/27/2003,Cleveland,MI,4/17/2023,21686.65,312
840,Laura,Williams,F,6/15/2001,Chicago,GA,5/3/2017,70483.32,679
841,Amanda,Davis,M,6/13/1972,Los Angeles,IL,4/2/2021,49732.64,664
842,Jane,Thomas,M,5/6/1979,Charlotte,NC,8/22/2018,33289.07,641
843,James,Johnson,F,5/17/1959,Cleveland,NC,4/22/2016,102090.15,520
844,Jessica,Garcia,M,12/16/1977,Houston,CA,6/19/2022,48847.96,372
845,Jane,Lopez,M,12/30/1984,Philadelphia,PA,6/19/2023,56654.31,345
846,Rachel,Jones,M,2/26/1984,Houston,OH,3/13/2021,56388.34,803
847,John,Johnson,F,1/16/1960,Los Angeles,NY,12/12/2022,70044.78,573
848,David,Thomas,M,8/30/1972,Cleveland,OH,5/15/2015,105326.21,507
849,Daniel,Jones,M,1/7/1984,Houston,OH,1/31/2023,46076.26,423
850,Christopher,Anderson,F,8/13/2001,Houston,TX,2/26/2018,63863.93,309
851,Daniel,Lopez,F,5/4/1999,Chicago,OH,2/14/2016,72417.24,628
852,Matthew,Brown,F,4/30/1972,Chicago,CA,12/16/2018,52624.17,486
853,Andrew,Anderson,M,10/24/1959,Cleveland,IL,8/10/2018,63542.27,842
854,Sarah,Hernandez,M,6/24/1992,Los Angeles,NC,6/23/2018,81890,359
855,Michael,Thomas,M,12/23/1960,Atlanta,OH,4/29/2019,54885.9,741
856,Christopher,Garcia,F,12/19/2003,New York,OH,3/27/2015,63227.15,516
857,David,Wilson,M,7/3/1978,Miami,TX,2/16/2022,61372.92,301
858,Amanda,Moore,M,12/5/2000,Charlotte,GA,2/9/2020,67923.87,835
859,Megan,Lopez,F,8/8/1963,Miami,NY,6/8/2024,74863.03,655
860,Ashley,Hernandez,F,5/6/2001,Detroit,GA,1/9/2019,81731.22,464
861,Matthew,Gonzalez,F,4/14/1979,Chicago,NY,1/13/2016,108751.09,390
862,Daniel,Hernandez,F,1/5/1975,Cleveland,MI,6/23/2024,16830.47,466
863,Jane,Thomas,F,9/1/1965,Miami,OH,8/8/2019,66652.17,506
864,Amanda,Anderson,M,6/23/1992,Los Angeles,TX,12/10/2017,42711.28,581
865,Michael,Anderson,F,6/20/1980,Charlotte,FL,8/30/2015,62292.6,364
866,Michael,Brown,M,3/3/1962,Miami,PA,3/19/2024,87617.35,815
867,John,Hernandez,M,11/10/1970,Charlotte,NC,7/8/2017,93955.85,456
868,Jessica,Jackson,F,6/13/1999,Philadelphia,IL,5/6/2019,94894.29,605
869,Jessica,Anderson,F,4/11/1953,Los Angeles,NC,5/2/2021,94705.85,694
870,Matthew,Brown,F,9/2/1983,New York,IL,9/27/2023,66521.3,373
871,Daniel,Gonzalez,M,8/19/1957,Houston,MI,7/22/2022,97970.61,486
872,David,Jackson,F,9/15/1971,Charlotte,GA,6/25/2018,101937,636
873,Ashley,Johnson,F,12/11/2003,Los Angeles,CA,3/11/2015,72776.01,539
874,Michael,Wilson,F,12/17/1955,Charlotte,OH,10/5/2020,93544.73,832
875,David,Brown,F,1/27/1974,Charlotte,FL,11/6/2018,70824.74,440
876,David,Thomas,F,2/10/1975,Atlanta,IL,9/17/2020,98204.65,564
877,Joshua,Martin,M,9/17/1956,Atlanta,PA,6/30/2020,66766.74,438
878,Ashley,Wilson,M,9/21/1951,Los Angeles,IL,3/11/2017,57809.59,758
879,Emily,Anderson,M,11/21/1976,Atlanta,CA,8/15/2024,47600.17,369
880,James,Williams,F,4/19/1971,Detroit,NC,11/7/2017,66527.42,684
881,Laura,Davis,F,2/14/1960,New York,TX,8/11/2022,71687.76,497
882,Megan,Thomas,F,6/6/2002,Cleveland,NC,4/4/2017,51082.95,504
883,Jessica,Martinez,M,7/8/1985,Los Angeles,MI,1/25/2017,64997.83,730
884,Jessica,Brown,F,9/29/1972,Los Angeles,TX,7/27/2021,59469.01,624
885,Robert,Moore,F,7/28/1963,Detroit,NC,6/18/2020,48460.49,741
886,Jessica,Johnson,F,11/30/1977,Chicago,PA,1/14/2020,90717.69,587
887,Ashley,Taylor,M,10/2/1996,Chicago,NC,8/14/2018,94238.07,525
888,Joshua,Gonzalez,F,7/8/2003,Atlanta,PA,5/19/2021,90628.65,363
889,Sarah,Brown,M,1/10/1953,Cleveland,PA,5/29/2019,68316.88,797
890,John,Hernandez,F,2/4/2003,Atlanta,TX,4/20/2015,69552.34,359
891,Andrew,Miller,M,10/10/2000,Philadelphia,GA,10/13/2017,48736.53,696
892,John,Lopez,M,3/18/1992,Philadelphia,NY,11/26/2023,78292.66,556
893,Christopher,Martinez,M,11/5/1988,Houston,OH,5/15/2020,73392.63,538
894,John,Miller,F,7/3/1984,Philadelphia,IL,2/4/2022,126878.95,337
895,Andrew,Gonzalez,F,5/6/1975,Chicago,NY,11/5/2019,91742.05,324
896,Jane,Miller,M,11/29/1988,New York,CA,1/25/2015,76304.9,709
897,Ashley,Taylor,M,3/29/1955,Philadelphia,GA,4/22/2017,69167.81,760
898,Jessica,Martinez,F,1/2/1979,Atlanta,NY,10/9/2022,90026.13,716
899,Jessica,Martinez,F,11/8/1954,Charlotte,TX,1/7/2017,51685.23,656
900,Joshua,Brown,M,6/21/2002,Los Angeles,CA,10/5/2020,92792.76,682
901,Robert,Martin,F,8/1/1985,New York,FL,6/29/2015,48257.13,457
902,Joshua,Brown,F,11/11/1957,New York,GA,8/20/2015,58769.52,732
903,Sarah,Miller,F,3/27/1986,Atlanta,NY,4/1/2020,33236.41,347
904,Sarah,Smith,F,8/31/1996,Los Angeles,CA,12/9/2015,82281.52,627
905,Michael,Lopez,M,10/22/1978,Chicago,FL,4/21/2016,74998.58,732
906,Robert,Gonzalez,F,2/20/1979,New York,NC,12/28/2019,58770.34,730
907,Joshua,Martinez,F,2/6/1953,Houston,CA,3/8/2022,51417.22,355
908,Jessica,Anderson,M,12/1/1951,Atlanta,TX,3/30/2016,97574.44,567
909,Laura,Gonzalez,M,10/17/1989,New York,NC,6/9/2018,67327.92,368
910,Rachel,Rodriguez,F,1/4/1978,Cleveland,TX,10/16/2015,54654.09,748
911,Andrew,Rodriguez,F,3/30/1967,Los Angeles,NY,5/21/2018,108438.66,556
912,Andrew,Anderson,F,2/25/1985,Philadelphia,OH,4/24/2021,56858.74,789
913,John,Martinez,F,5/23/1971,New York,NY,6/13/2016,92772.34,348
914,Rachel,Martinez,M,6/24/1962,Atlanta,NC,6/27/2022,46980.19,615
915,Robert,Davis,M,12/20/1955,Philadelphia,PA,2/24/2023,62901.08,712
916,Emily,Thomas,M,3/14/1980,Houston,NY,3/26/2021,80045.82,733
917,Sarah,Taylor,F,10/27/1974,Philadelphia,NC,1/11/2024,68843.26,301
918,John,Jones,F,8/28/1972,Cleveland,CA,8/18/2016,74875.26,444
919,David,Brown,F,10/2/1998,Chicago,MI,3/10/2016,59223.3,665
920,John,Moore,F,4/25/1991,New York,NY,5/31/2017,38044.08,719
921,Emily,Jackson,M,9/16/1958,Miami,CA,5/27/2023,99311.53,743
922,Jane,Brown,M,5/2/1968,Miami,TX,11/17/2019,60443.43,733
923,Laura,Miller,F,3/28/1976,Philadelphia,GA,2/6/2016,75780.25,356
924,David,Martinez,M,7/16/1996,Detroit,OH,4/23/2022,84039.15,477
925,Laura,Moore,F,12/22/1987,Los Angeles,TX,11/5/2020,76175.16,592
926,John,Jackson,F,3/11/1982,Miami,TX,3/16/2022,55828.17,345
927,Sarah,Brown,M,8/7/1995,Detroit,NC,4/15/2019,93195.3,469
928,James,Martinez,F,7/25/1983,Miami,PA,11/5/2015,80273.58,570
929,Andrew,Smith,F,10/4/1956,Detroit,IL,2/1/2023,73975.47,716
930,Emily,Moore,M,11/25/1988,Los Angeles,MI,12/9/2015,73511.7,438
931,James,Jones,F,3/9/1991,Charlotte,PA,3/11/2016,103645.25,546
932,Rachel,Anderson,F,10/26/1992,Miami,NC,6/26/2015,55398.76,447
933,Andrew,Taylor,M,8/12/1981,Cleveland,OH,5/19/2015,78305.12,529
934,Jessica,Williams,F,10/2/1983,New York,MI,7/13/2015,59427.41,673
935,David,Lopez,M,1/26/1989,Detroit,MI,12/2/2023,31273.88,379
936,Andrew,Johnson,F,7/2/1992,New York,NC,1/3/2024,30745.31,364
937,Emily,Smith,M,2/25/1989,Atlanta,FL,11/10/2023,49707.27,387
938,Amanda,Taylor,M,9/25/2004,Atlanta,TX,3/30/2018,56831.14,387
939,James,Thomas,M,7/3/1979,Los Angeles,GA,7/31/2017,113458.99,503
940,Jane,Jones,F,8/1/1983,Detroit,FL,6/8/2016,83967.77,681
941,Joshua,Anderson,M,4/12/2003,Houston,NC,6/13/2019,85766.86,775
942,Joshua,Williams,M,8/26/1995,Atlanta,FL,7/11/2023,57258.43,838
943,Emily,Miller,M,2/10/1968,Los Angeles,GA,2/10/2023,71226.54,513
944,Emily,Hernandez,M,11/27/1958,Atlanta,NC,3/7/2021,116123.06,373
945,Matthew,Martinez,M,4/21/1970,Atlanta,NC,1/10/2017,45711.65,360
946,David,Rodriguez,F,8/15/1995,Houston,MI,5/11/2017,79124.78,842
947,Rachel,Wilson,F,6/8/1980,Miami,FL,2/29/2024,102225.92,518
948,Matthew,Gonzalez,F,6/12/1996,Philadelphia,CA,8/11/2017,89318.86,311
949,Laura,Johnson,F,7/30/1963,Charlotte,NY,7/26/2018,106030.79,714
950,Jessica,Williams,F,9/16/1961,Atlanta,NC,6/28/2018,74257.31,331
951,Sarah,Miller,F,1/29/1963,Atlanta,FL,4/4/2024,82069.06,459
952,Sarah,Moore,F,2/11/1997,Cleveland,IL,10/10/2019,72195.49,536
953,Jessica,Williams,M,6/29/1960,Charlotte,OH,11/20/2022,80666.91,480
954,Andrew,Martinez,F,10/19/1990,Houston,IL,12/27/2020,51695.87,640
955,Ashley,Miller,M,11/28/1964,New York,FL,3/2/2017,85846.97,757
956,Matthew,Rodriguez,M,10/12/1953,Detroit,TX,6/29/2016,75884.97,379
957,Amanda,Taylor,F,1/4/1977,Atlanta,TX,1/19/2020,71253.19,772
958,James,Hernandez,M,2/17/1988,Philadelphia,FL,10/13/2017,104927.83,411
959,Jessica,Miller,M,7/2/2003,Detroit,MI,4/11/2020,64692.29,591
960,Megan,Wilson,M,9/15/1981,Charlotte,MI,4/3/2019,94156.44,682
961,John,Jackson,M,6/5/1965,Detroit,NC,2/26/2015,96145.57,316
962,Andrew,Brown,F,11/28/1965,Miami,GA,11/29/2020,87110.89,792
963,Jessica,Garcia,F,11/14/1977,Atlanta,NY,1/5/2015,50698.01,630
964,Matthew,Martinez,F,7/18/1983,Detroit,NC,7/13/2024,77181.57,785
965,Amanda,Miller,F,12/14/1985,New York,IL,12/8/2018,109169.49,705
966,Amanda,Gonzalez,F,5/16/2003,New York,NY,11/28/2023,33628.93,416
967,Emily,Wilson,F,10/16/1984,Atlanta,IL,6/12/2023,66246.83,414
968,Jennifer,Brown,F,9/24/2003,Chicago,MI,9/24/2018,93246.17,848
969,Emily,Davis,F,12/3/1999,New York,FL,12/26/2019,67693.59,846
970,David,Jones,F,7/12/1957,Detroit,GA,7/6/2018,86197.76,635
971,David,Smith,F,1/8/1986,Los Angeles,IL,11/7/2020,98183.82,635
972,Jessica,Brown,M,6/3/1995,New York,MI,4/17/2022,74640.13,446
973,Laura,Williams,F,6/13/1959,Charlotte,GA,1/17/2023,80179.81,421
974,Christopher,Rodriguez,M,10/2/1969,Chicago,NC,7/8/2022,71837.42,380
975,Daniel,Davis,M,5/7/1982,Detroit,FL,6/27/2018,75956.12,674
976,Joshua,Smith,M,1/29/1964,Houston,OH,2/9/2024,112052.05,362
977,Ashley,Garcia,M,6/1/1957,Cleveland,TX,1/24/2023,68721.03,803
978,Jessica,Rodriguez,F,4/23/2000,Houston,PA,4/7/2023,62936.92,748
979,Daniel,Miller,M,4/24/1991,Miami,GA,2/5/2018,90835.08,727
980,Matthew,Brown,F,5/27/1982,Cleveland,OH,10/29/2016,53141.55,726
981,John,Gonzalez,F,8/14/1983,Miami,OH,3/26/2022,57705.57,720
982,Ashley,Taylor,M,6/2/1977,Cleveland,GA,3/21/2022,57833.09,621
983,David,Johnson,F,12/18/1958,Cleveland,OH,12/7/2021,64882.51,465
984,Ashley,Jones,M,5/3/1989,Los Angeles,IL,4/18/2023,65756.01,760
985,Emily,Lopez,M,6/5/1962,Philadelphia,OH,4/8/2023,83981.99,758
986,John,Davis,F,5/3/1984,Charlotte,MI,7/5/2018,63152.77,488
987,Joshua,Garcia,F,11/8/1973,Houston,NY,5/10/2022,84789.27,763
988,Jessica,Davis,M,2/7/1975,New York,IL,9/23/2017,87283.61,678
989,Andrew,Moore,F,9/22/1959,Detroit,OH,4/10/2020,56929.78,301
990,Andrew,Williams,F,9/2/1983,Chicago,NC,10/9/2015,86854.12,663
991,Daniel,Lopez,F,1/9/1980,Charlotte,TX,4/22/2023,88668.37,371
992,Daniel,Williams,M,10/3/1957,Miami,FL,8/26/2023,34781.27,726
993,Laura,Garcia,M,10/1/1986,Los Angeles,OH,5/12/2018,75869.62,469
994,Rachel,Johnson,F,6/2/1950,Miami,CA,8/25/2020,59871.84,504
995,Daniel,Lopez,F,7/18/1980,Philadelphia,TX,10/28/2023,96061.3,636
996,Michael,Johnson,F,5/31/1980,Chicago,NC,7/24/2017,59667.88,771
997,Rachel,Garcia,F,9/1/1957,Los Angeles,MI,9/11/2015,43210.34,494
998,Matthew,Taylor,F,7/16/1964,Miami,OH,4/26/2018,69403.66,574
999,Sarah,Williams,M,3/24/1977,Philadelphia,MI,11/25/2015,52060.55,306
1000,Jane,Johnson,F,2/23/1957,Detroit,OH,2/4/2022,86991.71,477
